DATE,BANKS,STANBIC IBTC    (.005375),GTB      (.005375),ZENITH (.0050001),ACCESS,TITAN TRUST (0.005375),JAIZ          (.005375),KEYSTONE,UBA         (.005375)    ,WEMA ,STATESIDE,SALES CASH,PETTY CASH,TOTAL,
,,,,,,,,,,,,,,,
,,,,,,,,,,,,,,,
01/12/2025,OPENING BALANCE,102139113.6639,5794673.08,3223755.11999984,1164948.29242336,4456847.98,972907.959999983,1738999.8,1087244.59499999,99561.64,3895979.00000002,492100,161529.31,178279507.001323,
,INFLOWS:,,,,,,,,,,,,,0,
,POS -Sales,,,,,,,,,,,,,0,
,TRANSFER- Sales,,,,,,,,,,,,,0,
,REVERSED TRANSFER,,,,,,,,,,,,,0,
,OTHER INCOME,,,,,,,,,,,,,0,
,CASH DEPOSIT,,,,,,,,,,,,,0,
,,,,,,,,,,,,,,0,
,OUTFLOW:,,,,,,,,,,,,,0,
,TRANSFER- Expenses,,,,,,,,,,,,,0,
,CASH WITHDRAWAL,,,,,,,,,,,,,0,
,CHARGEBACKS,,,,,,,,,,,,,0,
,CHARGES,,,,,,,,,,,,,0,
,,,,,,,,,,,,,,0,
,UNAVAILABLE BALANCE,102139113.6639,5794673.08,3223755.11999984,1164948.29242336,4456847.98,972907.959999983,1738999.8,1087244.59499999,99561.64,3895979.00000002,492100,161529.31,125227660.441323,
,UNREFLECTED:,,,,,,,,,,,,,0,
,Unreflected Transfer B/F,0,156700,392281.5,17933,0,0,0,0,0,0,0,0,566914.5,
,Unreflected POS B/F,1412932.97,1107831.22,1118629.88,257836.36,35000,390656.710000001,0,1310424.46,0,75979.65,0,0,5709291.25,
,POS -Sales unreflected,,,,,,,,,,,,,0,
,TRANSFER- Sales Unreflected,,,,,,,,,,,,,0,
,Unreflected  Transfer Recieved,,,,,,,,,,,,,0,
,Unreflected Pos Received,,,,,,,,,,,,,0,
,Unreflected Transfer C/D,0,156700,392281.5,17933,0,0,0,0,0,0,0,0,566914.5,
,Unreflected POS C/D,1412932.97,1107831.22,1118629.88,257836.36,35000,390656.710000001,0,1310424.46,0,75979.65,0,0,5709291.25,
,,,,,,,,,,,,,,0,
,AVAILABLE BALANCE,102139113.6639,5794673.08,3223755.11999984,1164948.29242336,4456847.98,972907.959999983,1738999.8,1087244.59499999,99561.64,3895979.00000002,492100,161529.31,125227660.441323,
,,,,,,,,,,,,,,0,
,,,,,,,,,,,,,,0,
02/12/2025,OPENING BALANCE,102139113.6639,5794673.08,3223755.11999984,1164948.29242336,4456847.98,972907.959999983,1738999.8,1087244.59499999,99561.64,3895979.00000002,492100,161529.31,125227660.441323,
,INFLOWS:,,,,,,,,,,,,,0,
,POS -Sales,,,,,,,,,,,,,0,
,TRANSFER- Sales,,,,,,,,,,,,,0,
,REVERSED TRANSFER,,,,,,,,,,,,,0,
,OTHER INCOME,,,,,,,,,,,,,0,
,CASH DEPOSIT,,,,,,,,,,,,,0,
,,,,,,,,,,,,,,0,
,OUTFLOW:,,,,,,,,,,,,,0,
,TRANSFER- Expenses,,,,,,,,,,,,,0,
,CASH WITHDRAWAL,,,,,,,,,,,,,0,
,CHARGEBACKS,,,,,,,,,,,,,0,
,CHARGES,,,,,,,,,,,,,0,
,,,,,,,,,,,,,,0,
,UNAVAILABLE BALANCE,102139113.6639,5794673.08,3223755.11999984,1164948.29242336,4456847.98,972907.959999983,1738999.8,1087244.59499999,99561.64,3895979.00000002,492100,161529.31,125227660.441323,
,UNREFLECTED:,,,,,,,,,,,,,0,
,Unreflected Transfer B/F,0,156700,392281.5,17933,0,0,0,0,0,0,0,0,566914.5,
,Unreflected POS B/F,1412932.97,1107831.22,1118629.88,257836.36,35000,390656.710000001,0,1310424.46,0,75979.65,0,0,5709291.25,
,POS -Sales unreflected,,,,,,,,,,,,,0,
,TRANSFER- Sales Unreflected,,,,,,,,,,,,,0,
,Unreflected  Transfer Recieved,,,,,,,,,,,,,0,
,Unreflected Pos Received,,93200,288100,,,,,,,,,,381300,
,Unreflected Transfer C/D,0,156700,392281.5,17933,0,0,0,0,0,0,0,0,566914.5,
,Unreflected POS C/D,1412932.97,1014631.22,830529.88,257836.36,35000,390656.710000001,0,1310424.46,0,75979.65,0,0,5327991.25,
,,,,,,,,,,,,,,0,
,AVAILABLE BALANCE,102139113.6639,5887873.08,3511855.11999984,1164948.29242336,4456847.98,972907.959999983,1738999.8,1087244.59499999,99561.64,3895979.00000002,492100,161529.31,125608960.441323,
,,,,,,,,,,,,,,0,
,,,,,,,,,,,,,,0,
03/12/2025,OPENING BALANCE,102139113.6639,5887873.08,3511855.11999984,1164948.29242336,4456847.98,972907.959999983,1738999.8,1087244.59499999,99561.64,3895979.00000002,492100,161529.31,125608960.441323,
,INFLOWS:,,,,,,,,,,,,,0,
,POS -Sales,,,,,,,,,,,,,0,
,TRANSFER- Sales,,,,,,,,,,,,,0,
,REVERSED TRANSFER,,,,,,,,,,,,,0,
,OTHER INCOME,,,,,,,,,,,,,0,
,CASH DEPOSIT,,,,,,,,,,,,,0,
,,,,,,,,,,,,,,0,
,OUTFLOW:,,,,,,,,,,,,,0,
,TRANSFER- Expenses,,,,,,,,,,,,,0,
,CASH WITHDRAWAL,,,,,,,,,,,,,0,
,CHARGEBACKS,,,,,,,,,,,,,0,
,CHARGES,,,-1948.54,,,,,,,,,,-1948.54,
,,,,,,,,,,,,,,0,
,UNAVAILABLE BALANCE,102139113.6639,5887873.08,3509906.57999984,1164948.29242336,4456847.98,972907.959999983,1738999.8,1087244.59499999,99561.64,3895979.00000002,492100,161529.31,125607011.901323,
,UNREFLECTED:,,,,,,,,,,,,,0,
,Unreflected Transfer B/F,0,156700,392281.5,17933,0,0,0,0,0,0,0,0,566914.5,
,Unreflected POS B/F,1412932.97,1014631.22,830529.88,257836.36,35000,390656.710000001,0,1310424.46,0,75979.65,0,0,5327991.25,
,POS -Sales unreflected,,,,,,,,,,,,,0,
,TRANSFER- Sales Unreflected,,,,,,,,,,,,,0,
,Unreflected  Transfer Recieved,,,,,,,,,,,,,0,
,Unreflected Pos Received,,,,,,,,,,,,,0,
,Unreflected Transfer C/D,0,156700,392281.5,17933,0,0,0,0,0,0,0,0,566914.5,
,Unreflected POS C/D,1412932.97,1014631.22,830529.88,257836.36,35000,390656.710000001,0,1310424.46,0,75979.65,0,0,5327991.25,
,,,,,,,,,,,,,,0,
,AVAILABLE BALANCE,102139113.6639,5887873.08,3509906.57999984,1164948.29242336,4456847.98,972907.959999983,1738999.8,1087244.59499999,99561.64,3895979.00000002,492100,161529.31,125607011.901323,
,,,,,,,,,,,,,,0,
,,,,,,,,,,,,,,0,
04/12/2025,OPENING BALANCE,102139113.6639,5887873.08,3509906.57999984,1164948.29242336,4456847.98,972907.959999983,1738999.8,1087244.59499999,99561.64,3895979.00000002,492100,161529.31,125607011.901323,
,INFLOWS:,,,,,,,,,,,,,0,
,POS -Sales,,,,,,,,,,,,,0,
,TRANSFER- Sales,,,,,,,,,,,,,0,
,REVERSED TRANSFER,,,,,,,,,,,,,0,
,OTHER INCOME,,,,,,,,,,,,,0,
,CASH DEPOSIT,,,,,,,,,,,,,0,
,,,,,,,,,,,,,,0,
,OUTFLOW:,,,,,,,,,,,,,0,
,TRANSFER- Expenses,,,,,,,,,,,,,0,
,CASH WITHDRAWAL,,,,,,,,,,,,,0,
,CHARGEBACKS,,,,,,,,,,,,,0,
,CHARGES,,,,,,,,,,,,,0,
,,,,,,,,,,,,,,0,
,UNAVAILABLE BALANCE,102139113.6639,5887873.08,3509906.57999984,1164948.29242336,4456847.98,972907.959999983,1738999.8,1087244.59499999,99561.64,3895979.00000002,492100,161529.31,125607011.901323,
,UNREFLECTED:,,,,,,,,,,,,,0,
,Unreflected Transfer B/F,0,156700,392281.5,17933,0,0,0,0,0,0,0,0,566914.5,
,Unreflected POS B/F,1412932.97,1014631.22,830529.88,257836.36,35000,390656.710000001,0,1310424.46,0,75979.65,0,0,5327991.25,
,POS -Sales unreflected,,,,,,,,,,,,,0,
,TRANSFER- Sales Unreflected,,,,,,,,,,,,,0,
,Unreflected  Transfer Recieved,,,,,,,,,,,,,0,
,Unreflected Pos Received,,,,,,,,,,,,,0,
,Unreflected Transfer C/D,0,156700,392281.5,17933,0,0,0,0,0,0,0,0,566914.5,
,Unreflected POS C/D,1412932.97,1014631.22,830529.88,257836.36,35000,390656.710000001,0,1310424.46,0,75979.65,0,0,5327991.25,
,,,,,,,,,,,,,,0,
,AVAILABLE BALANCE,102139113.6639,5887873.08,3509906.57999984,1164948.29242336,4456847.98,972907.959999983,1738999.8,1087244.59499999,99561.64,3895979.00000002,492100,161529.31,125607011.901323,
,,,,,,,,,,,,,,0,
,,,,,,,,,,,,,,0,
05/12/2025,OPENING BALANCE,102139113.6639,5887873.08,3509906.57999984,1164948.29242336,4456847.98,972907.959999983,1738999.8,1087244.59499999,99561.64,3895979.00000002,492100,161529.31,125607011.901323,
,INFLOWS:,,,,,,,,,,,,,0,
,POS -Sales,,,,,,,,,,,,,0,
,TRANSFER- Sales,,,,,,,,,,,,,0,
,REVERSED TRANSFER,,,,,,,,,,,,,0,
,OTHER INCOME,,,,,,,,,,,,,0,
,CASH DEPOSIT,,,,,,,,,,,,,0,
,,,,,,,,,,,,,,0,
,OUTFLOW:,,,,,,,,,,,,,0,
,TRANSFER- Expenses,,,,,,,,,,,,,0,
,CASH WITHDRAWAL,,,,,,,,,,,,,0,
,CHARGEBACKS,,,,,,,,,,,,,0,
,CHARGES,,,,,,,,,,,,,0,
,,,,,,,,,,,,,,0,
,UNAVAILABLE BALANCE,102139113.6639,5887873.08,3509906.57999984,1164948.29242336,4456847.98,972907.959999983,1738999.8,1087244.59499999,99561.64,3895979.00000002,492100,161529.31,125607011.901323,
,UNREFLECTED:,,,,,,,,,,,,,0,
,Unreflected Transfer B/F,0,156700,392281.5,17933,0,0,0,0,0,0,0,0,566914.5,
,Unreflected POS B/F,1412932.97,1014631.22,830529.88,257836.36,35000,390656.710000001,0,1310424.46,0,75979.65,0,0,5327991.25,
,POS -Sales unreflected,,,,,,,,,,,,,0,
,TRANSFER- Sales Unreflected,,,,,,,,,,,,,0,
,Unreflected  Transfer Recieved,,,,,,,,,,,,,0,
,Unreflected Pos Received,,,,,,,,,,,,,0,
,Unreflected Transfer C/D,0,156700,392281.5,17933,0,0,0,0,0,0,0,0,566914.5,
,Unreflected POS C/D,1412932.97,1014631.22,830529.88,257836.36,35000,390656.710000001,0,1310424.46,0,75979.65,0,0,5327991.25,
,,,,,,,,,,,,,,0,
,AVAILABLE BALANCE,102139113.6639,5887873.08,3509906.57999984,1164948.29242336,4456847.98,972907.959999983,1738999.8,1087244.59499999,99561.64,3895979.00000002,492100,161529.31,125607011.901323,
,,,,,,,,,,,,,,0,
,,,,,,,,,,,,,,0,
06/12/2025,OPENING BALANCE,102139113.6639,5887873.08,3509906.57999984,1164948.29242336,4456847.98,972907.959999983,1738999.8,1087244.59499999,99561.64,3895979.00000002,492100,161529.31,125607011.901323,
,INFLOWS:,,,,,,,,,,,,,0,
,POS -Sales,,,,,,,,,,,,,0,
,TRANSFER- Sales,,,,,,,,,,,,,0,
,REVERSED TRANSFER,,,,,,,,,,,,,0,
,OTHER INCOME,,,,,,,,,,,,,0,
,CASH DEPOSIT,,,,,,,,,,,,,0,
,,,,,,,,,,,,,,0,
,OUTFLOW:,,,,,,,,,,,,,0,
,TRANSFER- Expenses,,,,,,,,,,,,,0,
,CASH WITHDRAWAL,,,,,,,,,,,,,0,
,CHARGEBACKS,,,,,,,,,,,,,0,
,CHARGES,,,,,,,,,,,,,0,
,,,,,,,,,,,,,,0,
,UNAVAILABLE BALANCE,102139113.6639,5887873.08,3509906.57999984,1164948.29242336,4456847.98,972907.959999983,1738999.8,1087244.59499999,99561.64,3895979.00000002,492100,161529.31,125607011.901323,
,UNREFLECTED:,,,,,,,,,,,,,0,
,Unreflected Transfer B/F,0,156700,392281.5,17933,0,0,0,0,0,0,0,0,566914.5,
,Unreflected POS B/F,1412932.97,1014631.22,830529.88,257836.36,35000,390656.710000001,0,1310424.46,0,75979.65,0,0,5327991.25,
,POS -Sales unreflected,,,,,,,,,,,,,0,
,TRANSFER- Sales Unreflected,,,,,,,,,,,,,0,
,Unreflected  Transfer Recieved,,,,,,,,,,,,,0,
,Unreflected Pos Received,,,,,,,,,,,,,0,
,Unreflected Transfer C/D,0,156700,392281.5,17933,0,0,0,0,0,0,0,0,566914.5,
,Unreflected POS C/D,1412932.97,1014631.22,830529.88,257836.36,35000,390656.710000001,0,1310424.46,0,75979.65,0,0,5327991.25,
,,,,,,,,,,,,,,0,
,AVAILABLE BALANCE,102139113.6639,5887873.08,3509906.57999984,1164948.29242336,4456847.98,972907.959999983,1738999.8,1087244.59499999,99561.64,3895979.00000002,492100,161529.31,125607011.901323,4.24179444232434%
,,,,,,,,,,,,,,0,
,,,,,,,,,,,,,,0,
07/12/2025,OPENING BALANCE,102139113.6639,5887873.08,3509906.57999984,1164948.29242336,4456847.98,972907.959999983,1738999.8,1087244.59499999,99561.64,3895979.00000002,492100,161529.31,125607011.901323,
,INFLOWS:,,,,,,,,,,,,,0,
,POS -Sales,,,,,,,,,,,,,0,
,TRANSFER- Sales,,,,,,,,,,,,,0,
,REVERSED TRANSFER,,,,,,,,,,,,,0,
,OTHER INCOME,,,,,,,,,,,,,0,
,CASH DEPOSIT,,,,,,,,,,,,,0,
,,,,,,,,,,,,,,0,
,OUTFLOW:,,,,,,,,,,,,,,
,TRANSFER- Expenses,,,,,,,,,,,,,0,
,CASH WITHDRAWAL,,,,,,,,,,,,,0,
,CHARGEBACKS,,,,,,,,,,,,,0,
,CHARGES,,,,,,,,,,,,,0,
,,,,,,,,,,,,,,0,
,UNAVAILABLE BALANCE,102139113.6639,5887873.08,3509906.57999984,1164948.29242336,4456847.98,972907.959999983,1738999.8,1087244.59499999,99561.64,3895979.00000002,492100,161529.31,125607011.901323,
,UNREFLECTED:,,,,,,,,,,,,,0,
,Unreflected Transfer B/F,0,156700,392281.5,17933,0,0,0,0,0,0,0,0,566914.5,
,Unreflected POS B/F,1412932.97,1014631.22,830529.88,257836.36,35000,390656.710000001,0,1310424.46,0,75979.65,0,0,5327991.25,
,POS -Sales unreflected,,,,,,,,,,,,,0,
,TRANSFER- Sales Unreflected,,,,,,,,,,,,,0,
,Unreflected  Transfer Recieved,,,,,,,,,,,,,0,
,Unreflected Pos Received,,,,,,,,,,,,,0,
,Unreflected Transfer C/D,0,156700,392281.5,17933,0,0,0,0,0,0,0,0,566914.5,
,Unreflected POS C/D,1412932.97,1014631.22,830529.88,257836.36,35000,390656.710000001,0,1310424.46,0,75979.65,0,0,5327991.25,
,,,,,,,,,,,,,,0,
,AVAILABLE BALANCE,102139113.6639,5887873.08,3509906.57999984,1164948.29242336,4456847.98,972907.959999983,1738999.8,1087244.59499999,99561.64,3895979.00000002,492100,161529.31,125607011.901323,
,,,,,,,,,,,,,,0,
,,,,,,,,,,,,,,0,
08/12/2025,OPENING BALANCE,102139113.6639,5887873.08,3509906.57999984,1164948.29242336,4456847.98,972907.959999983,1738999.8,1087244.59499999,99561.64,3895979.00000002,492100,161529.31,125607011.901323,
,INFLOWS:,,,,,,,,,,,,,0,
,POS -Sales,,,,,,,,,,,,,0,
,TRANSFER- Sales,,,,,,,,,,,,,0,
,REVERSED TRANSFER,,,,,,,,,,,,,0,
,OTHER INCOME,,,,,,,,,,,,,0,
,CASH DEPOSIT,,,,,,,,,,,,,0,
,,,,,,,,,,,,,,0,
,OUTFLOW:,,,,,,,,,,,,,0,
,TRANSFER- Expenses,,,,,,,,,,,,,0,
,CASH WITHDRAWAL,,,,,,,,,,,,,0,
,CHARGEBACKS,,,,,,,,,,,,,0,
,CHARGES,,,,,,,,,,,,,0,
,,,,,,,,,,,,,,0,
,UNAVAILABLE BALANCE,102139113.6639,5887873.08,3509906.57999984,1164948.29242336,4456847.98,972907.959999983,1738999.8,1087244.59499999,99561.64,3895979.00000002,492100,161529.31,125607011.901323,
,UNREFLECTED:,,,,,,,,,,,,,0,
,Unreflected Transfer B/F,0,156700,392281.5,17933,0,0,0,0,0,0,0,0,566914.5,
,Unreflected POS B/F,1412932.97,1014631.22,830529.88,257836.36,35000,390656.710000001,0,1310424.46,0,75979.65,0,0,5327991.25,
,POS -Sales unreflected,,,,,,,,,,,,,0,
,TRANSFER- Sales Unreflected,,,,,,,,,,,,,0,
,Unreflected  Transfer Recieved,,,,,,,,,,,,,0,
,Unreflected Pos Received,,,,,,,,,,,,,0,
,Unreflected Transfer C/D,0,156700,392281.5,17933,0,0,0,0,0,0,0,0,566914.5,
,Unreflected POS C/D,1412932.97,1014631.22,830529.88,257836.36,35000,390656.710000001,0,1310424.46,0,75979.65,0,0,5327991.25,
,,,,,,,,,,,,,,0,
,AVAILABLE BALANCE,102139113.6639,5887873.08,3509906.57999984,1164948.29242336,4456847.98,972907.959999983,1738999.8,1087244.59499999,99561.64,3895979.00000002,492100,161529.31,125607011.901323,
,,,,,,,,,,,,,,0,
,,,,,,,,,,,,,,0,
09/12/2025,OPENING BALANCE,102139113.6639,5887873.08,3509906.57999984,1164948.29242336,4456847.98,972907.959999983,1738999.8,1087244.59499999,99561.64,3895979.00000002,492100,161529.31,125607011.901323,
,INFLOWS:,,,,,,,,,,,,,0,
,POS -Sales,,,,,,,,,,,,,0,
,TRANSFER- Sales,,,,,,,,,,,,,0,
,REVERSED TRANSFER,,,,,,,,,,,,,0,
,OTHER INCOME,,,,,,,,,,,,,0,
,CASH DEPOSIT,,,,,,,,,,,,,0,
,,,,,,,,,,,,,,0,
,OUTFLOW:,,,,,,,,,,,,,0,
,TRANSFER- Expenses,,,,,,,,,,,,,0,
,CASH WITHDRAWAL,,,,,,,,,,,,,0,
,CHARGEBACKS,,,,,,,,,,,,,0,
,CHARGES,,,,,,,,,,,,,0,
,,,,,,,,,,,,,,0,
,UNAVAILABLE BALANCE,102139113.6639,5887873.08,3509906.57999984,1164948.29242336,4456847.98,972907.959999983,1738999.8,1087244.59499999,99561.64,3895979.00000002,492100,161529.31,125607011.901323,
,UNREFLECTED:,,,,,,,,,,,,,0,
,Unreflected Transfer B/F,0,156700,392281.5,17933,0,0,0,0,0,0,0,0,566914.5,
,Unreflected POS B/F,1412932.97,1014631.22,830529.88,257836.36,35000,390656.710000001,0,1310424.46,0,75979.65,0,0,5327991.25,
,POS -Sales unreflected,,,,,,,,,,,,,0,
,TRANSFER- Sales Unreflected,,,,,,,,,,,,,0,
,Unreflected  Transfer Recieved,,,,,,,,,,,,,0,
,Unreflected Pos Received,,,,,,,,,,,,,0,
,Unreflected Transfer C/D,0,156700,392281.5,17933,0,0,0,0,0,0,0,0,566914.5,
,Unreflected POS C/D,1412932.97,1014631.22,830529.88,257836.36,35000,390656.710000001,0,1310424.46,0,75979.65,0,0,5327991.25,
,,,,,,,,,,,,,,0,
,AVAILABLE BALANCE,102139113.6639,5887873.08,3509906.57999984,1164948.29242336,4456847.98,972907.959999983,1738999.8,1087244.59499999,99561.64,3895979.00000002,492100,161529.31,125607011.901323,
,,,,,,,,,,,,,,0,
,,,,,,,,,,,,,,0,
10/12/2025,OPENING BALANCE,102139113.6639,5887873.08,3509906.57999984,1164948.29242336,4456847.98,972907.959999983,1738999.8,1087244.59499999,99561.64,3895979.00000002,492100,161529.31,125607011.901323,
,INFLOWS:,,,,,,,,,,,,,0,
,POS -Sales,,,,,,,,,,,,,0,
,TRANSFER- Sales,,,,,,,,,,,,,0,
,REVERSED TRANSFER,,,,,,,,,,,,,0,
,OTHER INCOME,,,,,,,,,,,,,0,
,CASH DEPOSIT,,,,,,,,,,,,,0,
,,,,,,,,,,,,,,0,
,OUTFLOW:,,,,,,,,,,,,,0,
,TRANSFER- Expenses,,,,,,,,,,,,,0,
,CASH WITHDRAWAL,,,,,,,,,,,,,0,
,CHARGEBACKS,,,,,,,,,,,,,0,
,CHARGES,,,,,,,,,,,,,0,
,,,,,,,,,,,,,,0,
,UNAVAILABLE BALANCE,102139113.6639,5887873.08,3509906.57999984,1164948.29242336,4456847.98,972907.959999983,1738999.8,1087244.59499999,99561.64,3895979.00000002,492100,161529.31,125607011.901323,
,UNREFLECTED:,,,,,,,,,,,,,0,
,Unreflected Transfer B/F,0,156700,392281.5,17933,0,0,0,0,0,0,0,0,566914.5,
,Unreflected POS B/F,1412932.97,1014631.22,830529.88,257836.36,35000,390656.710000001,0,1310424.46,0,75979.65,0,0,5327991.25,
,POS -Sales unreflected,,,,,,,,,,,,,0,
,TRANSFER- Sales Unreflected,,,,,,,,,,,,,0,
,Unreflected  Transfer Recieved,,,,,,,,,,,,,0,
,Unreflected Pos Received,,,,,,,,,,,,,0,
,Unreflected Transfer C/D,0,156700,392281.5,17933,0,0,0,0,0,0,0,0,566914.5,
,Unreflected POS C/D,1412932.97,1014631.22,830529.88,257836.36,35000,390656.710000001,0,1310424.46,0,75979.65,0,0,5327991.25,
,,,,,,,,,,,,,,0,
,AVAILABLE BALANCE,102139113.6639,5887873.08,3509906.57999984,1164948.29242336,4456847.98,972907.959999983,1738999.8,1087244.59499999,99561.64,3895979.00000002,492100,161529.31,125607011.901323,
,,,,,,,,,,,,,,0,
,,,,,,,,,,,,,,0,
11/12/2025,OPENING BALANCE,102139113.6639,5887873.08,3509906.57999984,1164948.29242336,4456847.98,972907.959999983,1738999.8,1087244.59499999,99561.64,3895979.00000002,492100,161529.31,125607011.901323,
,INFLOWS:,,,,,,,,,,,,,0,
,POS -Sales,,,,,,,,,,,,,0,
,TRANSFER- Sales,,,,,,,,,,,,,0,
,REVERSED TRANSFER,,,,,,,,,,,,,0,
,OTHER INCOME,,,,,,,,,,,,,0,
,CASH DEPOSIT,,,,,,,,,,,,,0,
,,,,,,,,,,,,,,0,
,OUTFLOW:,,,,,,,,,,,,,0,
,TRANSFER- Expenses,,,,,,,,,,,,,0,
,CASH WITHDRAWAL,,,,,,,,,,,,,0,
,CHARGEBACKS,,,,,,,,,,,,,0,
,CHARGES,,,,,,,,,,,,,0,
,,,,,,,,,,,,,,0,
,UNAVAILABLE BALANCE,102139113.6639,5887873.08,3509906.57999984,1164948.29242336,4456847.98,972907.959999983,1738999.8,1087244.59499999,99561.64,3895979.00000002,492100,161529.31,125607011.901323,
,UNREFLECTED:,,,,,,,,,,,,,0,
,Unreflected Transfer B/F,0,156700,392281.5,17933,0,0,0,0,0,0,0,0,566914.5,
,Unreflected POS B/F,1412932.97,1014631.22,830529.88,257836.36,35000,390656.710000001,0,1310424.46,0,75979.65,0,0,5327991.25,
,POS -Sales unreflected,,,,,,,,,,,,,0,
,TRANSFER- Sales Unreflected,,,,,,,,,,,,,0,
,Unreflected  Transfer Recieved,,,,,,,,,,,,,0,
,Unreflected Pos Received,,,,,,,,,,,,,0,
,Unreflected Transfer C/D,0,156700,392281.5,17933,0,0,0,0,0,0,0,0,566914.5,
,Unreflected POS C/D,1412932.97,1014631.22,830529.88,257836.36,35000,390656.710000001,0,1310424.46,0,75979.65,0,0,5327991.25,
,,,,,,,,,,,,,,0,
,AVAILABLE BALANCE,102139113.6639,5887873.08,3509906.57999984,1164948.29242336,4456847.98,972907.959999983,1738999.8,1087244.59499999,99561.64,3895979.00000002,492100,161529.31,125607011.901323,
,,,,,,,,,,,,,,0,
,,,,,,,,,,,,,,0,
12/12/2025,OPENING BALANCE,102139113.6639,5887873.08,3509906.57999984,1164948.29242336,4456847.98,972907.959999983,1738999.8,1087244.59499999,99561.64,3895979.00000002,492100,161529.31,125607011.901323,
,INFLOWS:,,,,,,,,,,,,,0,
,POS -Sales,,,,,,,,,,,,,0,
,TRANSFER- Sales,,,,,,,,,,,,,0,
,REVERSED TRANSFER,,,,,,,,,,,,,0,
,OTHER INCOME,,,,,,,,,,,,,0,
,CASH DEPOSIT,,,,,,,,,,,,,0,
,,,,,,,,,,,,,,0,
,OUTFLOW:,,,,,,,,,,,,,0,
,TRANSFER- Expenses,,,,,,,,,,,,,0,
,CASH WITHDRAWAL,,,,,,,,,,,,,0,
,CHARGEBACKS,,,,,,,,,,,,,0,
,CHARGES,,,,,,,,,,,,,0,
,,,,,,,,,,,,,,0,
,UNAVAILABLE BALANCE,102139113.6639,5887873.08,3509906.57999984,1164948.29242336,4456847.98,972907.959999983,1738999.8,1087244.59499999,99561.64,3895979.00000002,492100,161529.31,125607011.901323,
,UNREFLECTED:,,,,,,,,,,,,,0,
,Unreflected Transfer B/F,0,156700,392281.5,17933,0,0,0,0,0,0,0,0,566914.5,
,Unreflected POS B/F,1412932.97,1014631.22,830529.88,257836.36,35000,390656.710000001,0,1310424.46,0,75979.65,0,0,5327991.25,
,POS -Sales unreflected,,,,,,,,,,,,,0,
,TRANSFER- Sales Unreflected,,,,,,,,,,,,,0,
,Unreflected  Transfer Recieved,,,,,,,,,,,,,0,
,Unreflected Pos Received,,,,,,,,,,,,,0,
,Unreflected Transfer C/D,0,156700,392281.5,17933,0,0,0,0,0,0,0,0,566914.5,
,Unreflected POS C/D,1412932.97,1014631.22,830529.88,257836.36,35000,390656.710000001,0,1310424.46,0,75979.65,0,0,5327991.25,
,,,,,,,,,,,,,,0,
,AVAILABLE BALANCE,102139113.6639,5887873.08,3509906.57999984,1164948.29242336,4456847.98,972907.959999983,1738999.8,1087244.59499999,99561.64,3895979.00000002,492100,161529.31,125607011.901323,
,,,,,,,,,,,,,,0,
,,,,,,,,,,,,,,0,
13/12/2025,OPENING BALANCE,102139113.6639,5887873.08,3509906.57999984,1164948.29242336,4456847.98,972907.959999983,1738999.8,1087244.59499999,99561.64,3895979.00000002,492100,161529.31,125607011.901323,
,INFLOWS:,,,,,,,,,,,,,0,
,POS -Sales,,,,,,,,,,,,,0,
,TRANSFER- Sales,,,,,,,,,,,,,0,
,REVERSED TRANSFER,,,,,,,,,,,,,0,
,OTHER INCOME,,,,,,,,,,,,,0,
,CASH DEPOSIT,,,,,,,,,,,,,0,
,,,,,,,,,,,,,,0,
,OUTFLOW:,,,,,,,,,,,,,0,
,TRANSFER- Expenses,,,,,,,,,,,,,0,
,CASH WITHDRAWAL,,,,,,,,,,,,,0,
,CHARGEBACKS,,,,,,,,,,,,,0,
,CHARGES,,,,,,,,,,,,,0,
,,,,,,,,,,,,,,0,
,UNAVAILABLE BALANCE,102139113.6639,5887873.08,3509906.57999984,1164948.29242336,4456847.98,972907.959999983,1738999.8,1087244.59499999,99561.64,3895979.00000002,492100,161529.31,125607011.901323,
,UNREFLECTED:,,,,,,,,,,,,,0,
,Unreflected Transfer B/F,0,156700,392281.5,17933,0,0,0,0,0,0,0,0,566914.5,
,Unreflected POS B/F,1412932.97,1014631.22,830529.88,257836.36,35000,390656.710000001,0,1310424.46,0,75979.65,0,0,5327991.25,
,POS -Sales unreflected,,,,,,,,,,,,,0,
,TRANSFER- Sales Unreflected,,,,,,,,,,,,,0,
,Unreflected  Transfer Recieved,,,,,,,,,,,,,0,
,Unreflected Pos Received,,,,,,,,,,,,,0,
,Unreflected Transfer C/D,0,156700,392281.5,17933,0,0,0,0,0,0,0,0,566914.5,
,Unreflected POS C/D,1412932.97,1014631.22,830529.88,257836.36,35000,390656.710000001,0,1310424.46,0,75979.65,0,0,5327991.25,
,,,,,,,,,,,,,,0,
,AVAILABLE BALANCE,102139113.6639,5887873.08,3509906.57999984,1164948.29242336,4456847.98,972907.959999983,1738999.8,1087244.59499999,99561.64,3895979.00000002,492100,161529.31,125607011.901323,
,,,,,,,,,,,,,,0,
,,,,,,,,,,,,,,0,
14/12/2025,OPENING BALANCE,102139113.6639,5887873.08,3509906.57999984,1164948.29242336,4456847.98,972907.959999983,1738999.8,1087244.59499999,99561.64,3895979.00000002,492100,161529.31,125607011.901323,
,INFLOWS:,,,,,,,,,,,,,0,
,POS -Sales,,,,,,,,,,,,,0,
,TRANSFER- Sales,,,,,,,,,,,,,0,
,REVERSED TRANSFER,,,,,,,,,,,,,0,
,OTHER INCOME,,,,,,,,,,,,,0,
,CASH DEPOSIT,,,,,,,,,,,,,0,
,,,,,,,,,,,,,,0,
,OUTFLOW:,,,,,,,,,,,,,0,
,TRANSFER- Expenses,,,,,,,,,,,,,0,
,CASH WITHDRAWAL,,,,,,,,,,,,,0,
,CHARGEBACKS,,,,,,,,,,,,,0,
,REVERSED TRANSFER,,,,,,,,,,,,,,
,CHARGES,,,,,,,,,,,,,0,
,,,,,,,,,,,,,,0,
,UNAVAILABLE BALANCE,102139113.6639,5887873.08,3509906.57999984,1164948.29242336,4456847.98,972907.959999983,1738999.8,1087244.59499999,99561.64,3895979.00000002,492100,161529.31,125607011.901323,
,UNREFLECTED:,,,,,,,,,,,,,0,
,Unreflected Transfer B/F,0,156700,392281.5,17933,0,0,0,0,0,0,0,0,566914.5,
,Unreflected POS B/F,1412932.97,1014631.22,830529.88,257836.36,35000,390656.710000001,0,1310424.46,0,75979.65,0,0,5327991.25,
,POS -Sales unreflected,,,,,,,,,,,,,0,
,TRANSFER- Sales Unreflected,,,,,,,,,,,,,0,
,Unreflected  Transfer Recieved,,,,,,,,,,,,,0,
,Unreflected Pos Received,,,,,,,,,,,,,0,
,Unreflected Transfer C/D,0,156700,392281.5,17933,0,0,0,0,0,0,0,0,566914.5,
,Unreflected POS C/D,1412932.97,1014631.22,830529.88,257836.36,35000,390656.710000001,0,1310424.46,0,75979.65,0,0,5327991.25,
,,,,,,,,,,,,,,0,
,AVAILABLE BALANCE,102139113.6639,5887873.08,3509906.57999984,1164948.29242336,4456847.98,972907.959999983,1738999.8,1087244.59499999,99561.64,3895979.00000002,492100,161529.31,125607011.901323,
,,,,,,,,,,,,,,0,
,,,,,,,,,,,,,,0,
15/12/2025,OPENING BALANCE,102139113.6639,5887873.08,3509906.57999984,1164948.29242336,4456847.98,972907.959999983,1738999.8,1087244.59499999,99561.64,3895979.00000002,492100,161529.31,125607011.901323,
,INFLOWS:,,,,,,,,,,,,,0,
,POS -Sales,,,,,,,,,,,,,0,
,TRANSFER- Sales,,,,,,,,,,,,,0,
,REVERSED TRANSFER,,,,,,,,,,,,,0,
,OTHER INCOME,,,,,,,,,,,,,0,
,CASH DEPOSIT,,,,,,,,,,,,,0,
,,,,,,,,,,,,,,0,
,OUTFLOW:,,,,,,,,,,,,,0,
,TRANSFER- Expenses,,,,,,,,,,,,,0,
,CASH WITHDRAWAL,,,,,,,,,,,,,0,
,CHARGEBACKS,,,,,,,,,,,,,0,
,CHARGES,,,,,,,,,,,,,0,
,,,,,,,,,,,,,,0,
,UNAVAILABLE BALANCE,102139113.6639,5887873.08,3509906.57999984,1164948.29242336,4456847.98,972907.959999983,1738999.8,1087244.59499999,99561.64,3895979.00000002,492100,161529.31,125607011.901323,
,UNREFLECTED:,,,,,,,,,,,,,0,
,Unreflected Transfer B/F,0,156700,392281.5,17933,0,0,0,0,0,0,0,0,566914.5,
,Unreflected POS B/F,1412932.97,1014631.22,830529.88,257836.36,35000,390656.710000001,0,1310424.46,0,75979.65,0,0,5327991.25,
,POS -Sales unreflected,,,,,,,,,,,,,0,
,TRANSFER- Sales Unreflected,,,,,,,,,,,,,0,
,Unreflected  Transfer Recieved,,,,,,,,,,,,,0,
,Unreflected Pos Received,,,,,,,,,,,,,0,
,Unreflected Transfer C/D,0,156700,392281.5,17933,0,0,0,0,0,0,0,0,566914.5,
,Unreflected POS C/D,1412932.97,1014631.22,830529.88,257836.36,35000,390656.710000001,0,1310424.46,0,75979.65,0,0,5327991.25,
,,,,,,,,,,,,,,0,
,AVAILABLE BALANCE,102139113.6639,5887873.08,3509906.57999984,1164948.29242336,4456847.98,972907.959999983,1738999.8,1087244.59499999,99561.64,3895979.00000002,492100,161529.31,125607011.901323,
,,,,,,,,,,,,,,0,
,,,,,,,,,,,,,,0,
16/12/2025,OPENING BALANCE,102139113.6639,5887873.08,3509906.57999984,1164948.29242336,4456847.98,972907.959999983,1738999.8,1087244.59499999,99561.64,3895979.00000002,492100,161529.31,125607011.901323,
,INFLOWS:,,,,,,,,,,,,,0,
,POS -Sales,,,,,,,,,,,,,0,
,TRANSFER- Sales,,,,,,,,,,,,,0,
,REVERSED TRANSFER,,,,,,,,,,,,,0,
,OTHER INCOME,,,,,,,,,,,,,0,
,CASH DEPOSIT,,,,,,,,,,,,,0,
,,,,,,,,,,,,,,0,
,OUTFLOW:,,,,,,,,,,,,,0,
,TRANSFER- Expenses,,,,,,,,,,,,,0,
,CASH WITHDRAWAL,,,,,,,,,,,,,0,
,CHARGEBACKS,,,,,,,,,,,,,0,
,CHARGES,,,,,,,,,,,,,0,
,,,,,,,,,,,,,,0,
,UNAVAILABLE BALANCE,102139113.6639,5887873.08,3509906.57999984,1164948.29242336,4456847.98,972907.959999983,1738999.8,1087244.59499999,99561.64,3895979.00000002,492100,161529.31,125607011.901323,
,UNREFLECTED:,,,,,,,,,,,,,0,
,Unreflected Transfer B/F,0,156700,392281.5,17933,0,0,0,0,0,0,0,0,566914.5,
,Unreflected POS B/F,1412932.97,1014631.22,830529.88,257836.36,35000,390656.710000001,0,1310424.46,0,75979.65,0,0,5327991.25,
,POS -Sales unreflected,,,,,,,,0,,,,,0,
,TRANSFER- Sales Unreflected,,,,,,,,,,,,,0,
,Unreflected  Transfer Recieved,,,,,,,,,,,,,0,
,Unreflected Pos Received,,,,,,,,,,,,,0,
,Unreflected Transfer C/D,0,156700,392281.5,17933,0,0,0,0,0,0,0,0,566914.5,
,Unreflected POS C/D,1412932.97,1014631.22,830529.88,257836.36,35000,390656.710000001,0,1310424.46,0,75979.65,0,0,5327991.25,
,,,,,,,,,,,,,,0,
,AVAILABLE BALANCE,102139113.6639,5887873.08,3509906.57999984,1164948.29242336,4456847.98,972907.959999983,1738999.8,1087244.59499999,99561.64,3895979.00000002,492100,161529.31,125607011.901323,
,,,,,,,,,,,,,,0,
,,,,,,,,,,,,,,0,
17/11/2025,OPENING BALANCE,102139113.6639,5887873.08,3509906.57999984,1164948.29242336,4456847.98,972907.959999983,1738999.8,1087244.59499999,99561.64,3895979.00000002,492100,161529.31,125607011.901323,
,INFLOWS:,,,,,,,,,,,,,0,
,POS -Sales,,,,,,,,,,,,,0,
,TRANSFER- Sales,,,,,,,,,,,,,0,
,REVERSED TRANSFER,,,,,,,,,,,,,0,
,OTHER INCOME,,,,,,,,,,,,,0,
,CASH DEPOSIT,,,,,,,,,,,,,0,
,,,,,,,,,,,,,,0,
,OUTFLOW:,,,,,,,,,,,,,0,
,TRANSFER- Expenses,,,,,,,,,,,,,0,
,CASH WITHDRAWAL,,,,,,,,,,,,,0,
,CHARGEBACKS,,,,,,,,,,,,,0,
,CHARGES,,,,,,,,,,,,,0,
,,,,,,,,,,,,,,0,
,UNAVAILABLE BALANCE,102139113.6639,5887873.08,3509906.57999984,1164948.29242336,4456847.98,972907.959999983,1738999.8,1087244.59499999,99561.64,3895979.00000002,492100,161529.31,125607011.901323,
,UNREFLECTED:,,,,,,,,,,,,,0,
,Unreflected Transfer B/F,0,156700,392281.5,17933,0,0,0,0,0,0,0,0,566914.5,
,Unreflected POS B/F,1412932.97,1014631.22,830529.88,257836.36,35000,390656.710000001,0,1310424.46,0,75979.65,0,0,5327991.25,
,POS -Sales unreflected,,0,0,,,,,0,,,,,0,
,TRANSFER- Sales Unreflected,,,0,,,,,,,,,,0,
,Unreflected  Transfer Recieved,,,,,,,,,,,,,0,
,Unreflected Pos Received,,,,,,,,,,,,,0,
,Unreflected Transfer C/D,0,156700,392281.5,17933,0,0,0,0,0,0,0,0,566914.5,
,Unreflected POS C/D,1412932.97,1014631.22,830529.88,257836.36,35000,390656.710000001,0,1310424.46,0,75979.65,0,0,5327991.25,
,,,,,,,,,,,,,,0,
,AVAILABLE BALANCE,102139113.6639,5887873.08,3509906.57999984,1164948.29242336,4456847.98,972907.959999983,1738999.8,1087244.59499999,99561.64,3895979.00000002,492100,161529.31,125607011.901323,
,,,,,-14082406.0575766,,,,,,,,,-14082406.0575766,
,,,,,,,,,,,,,,0,
18/12/2025,OPENING BALANCE,102139113.6639,5887873.08,3509906.57999984,1164948.29242336,4456847.98,972907.959999983,1738999.8,1087244.59499999,99561.64,3895979.00000002,492100,161529.31,125607011.901323,
,INFLOWS:,,,,,,,,,,,,,0,
,POS -Sales,,,,,,,,,,,,,0,
,TRANSFER- Sales,,,,,,,,,,,,,0,
,REVERSED TRANSFER,,,,,,,,,,,,,0,
,OTHER INCOME,,,,,,,,,,,,,0,
,CASH DEPOSIT,,,,,,,,,,,,,0,
,,,,,,,,,,,,,,0,
,OUTFLOW:,,,,,,,,,,,,,0,
,TRANSFER- Expenses,,,,,,,,,,,,,0,
,CASH WITHDRAWAL,,,,,,,,,,,,,0,
,CHARGEBACKS,,,,,,,,,,,,,0,
,CHARGES,,,,,,,,,,,,,0,
,,,,,,,,,,,,,,0,
,UNAVAILABLE BALANCE,102139113.6639,5887873.08,3509906.57999984,1164948.29242336,4456847.98,972907.959999983,1738999.8,1087244.59499999,99561.64,3895979.00000002,492100,161529.31,125607011.901323,
,UNREFLECTED:,,,,,,,,,,,,,0,
,Unreflected Transfer B/F,0,156700,392281.5,17933,0,0,0,0,0,0,0,0,566914.5,
,Unreflected POS B/F,1412932.97,1014631.22,830529.88,257836.36,35000,390656.710000001,0,1310424.46,0,75979.65,0,0,5327991.25,
,POS -Sales unreflected,,0,0,,,,,0,,,,,0,
,TRANSFER- Sales Unreflected,,,0,,,,,,,,,,0,
,Unreflected  Transfer Recieved,,,,,,,,,,,,,0,
,Unreflected Pos Received,,,,,,,,,,,,,0,
,Unreflected Transfer C/D,0,156700,392281.5,17933,0,0,0,0,0,0,0,0,566914.5,
,Unreflected POS C/D,1412932.97,1014631.22,830529.88,257836.36,35000,390656.710000001,0,1310424.46,0,75979.65,0,0,5327991.25,
,,,,,,,,,,,,,,0,
,AVAILABLE BALANCE,102139113.6639,5887873.08,3509906.57999984,1164948.29242336,4456847.98,972907.959999983,1738999.8,1087244.59499999,99561.64,3895979.00000002,492100,161529.31,125607011.901323,
,,,,,,,,,,,,,,0,
,,,,,,,,,,,,,,0,
19/12/2025,OPENING BALANCE,102139113.6639,5887873.08,3509906.57999984,1164948.29242336,4456847.98,972907.959999983,1738999.8,1087244.59499999,99561.64,3895979.00000002,492100,161529.31,125607011.901323,
,INFLOWS:,,,,,,,,,,,,,0,
,POS -Sales,,,,,,,,,,,,,0,
,TRANSFER- Sales,,,,,,,,,,,,,0,
,REVERSED TRANSFER,,,,,,,,,,,,,0,
,OTHER INCOME,,,,,,,,,,,,,0,
,CASH DEPOSIT,,,,,,,,,,,,,0,
,,,,,,,,,,,,,,0,
,OUTFLOW:,,,,,,,,,,,,,0,
,TRANSFER- Expenses,,,,,,,,,,,,,0,
,CASH WITHDRAWAL,,,,,,,,,,,,,0,
,CHARGEBACKS,,,,,,,,,,,,,0,
,CHARGES,,,,,,,,,,,,,0,
,,,,,,,,,,,,,,0,
,UNAVAILABLE BALANCE,102139113.6639,5887873.08,3509906.57999984,1164948.29242336,4456847.98,972907.959999983,1738999.8,1087244.59499999,99561.64,3895979.00000002,492100,161529.31,125607011.901323,
,UNREFLECTED:,,,,,,,,,,,,,0,
,Unreflected Transfer B/F,0,156700,392281.5,17933,0,0,0,0,0,0,0,0,566914.5,
,Unreflected POS B/F,1412932.97,1014631.22,830529.88,257836.36,35000,390656.710000001,0,1310424.46,0,75979.65,0,0,5327991.25,
,POS -Sales unreflected,,,,,,,,,,,,,0,
,TRANSFER- Sales Unreflected,,,,,,,,,,,,,0,
,Unreflected  Transfer Recieved,,,,,,,,,,,,,0,
,Unreflected Pos Received,,,,,,,,,,,,,0,
,Unreflected Transfer C/D,0,156700,392281.5,17933,0,0,0,0,0,0,0,0,566914.5,
,Unreflected POS C/D,1412932.97,1014631.22,830529.88,257836.36,35000,390656.710000001,0,1310424.46,0,75979.65,0,0,5327991.25,
,,,,,,,,,,,,,,0,
,AVAILABLE BALANCE,102139113.6639,5887873.08,3509906.57999984,1164948.29242336,4456847.98,972907.959999983,1738999.8,1087244.59499999,99561.64,3895979.00000002,492100,161529.31,125607011.901323,
,,,,,,,,,,,,,,0,
,,,,,,,,,,,,,,0,
20/12/2025,OPENING BALANCE,102139113.6639,5887873.08,3509906.57999984,1164948.29242336,4456847.98,972907.959999983,1738999.8,1087244.59499999,99561.64,3895979.00000002,492100,161529.31,125607011.901323,
,INFLOWS:,,,,,,,,,,,,,0,
,POS -Sales,,,,,,,,,,,,,0,
,TRANSFER- Sales,,,,,,,,,,,,,0,
,REVERSED TRANSFER,,,,,,,,,,,,,0,
,OTHER INCOME,,,,,,,,,,,,,0,
,CASH DEPOSIT,,,,,,,,,,,,,0,
,,,,,,,,,,,,,,0,
,OUTFLOW:,,,,,,,,,,,,,0,
,TRANSFER- Expenses,,,,,,,,,,,,,0,
,CASH WITHDRAWAL,,,,,,,,,,,,,0,
,CHARGEBACKS,,,,,,,,,,,,,0,
,CHARGES,,,,,,,,,,,,,0,
,,,,,,,,,,,,,,0,
,UNAVAILABLE BALANCE,102139113.6639,5887873.08,3509906.57999984,1164948.29242336,4456847.98,972907.959999983,1738999.8,1087244.59499999,99561.64,3895979.00000002,492100,161529.31,125607011.901323,
,UNREFLECTED:,,,,,,,,,,,,,0,
,Unreflected Transfer B/F,0,156700,392281.5,17933,0,0,0,0,0,0,0,0,566914.5,
,Unreflected POS B/F,1412932.97,1014631.22,830529.88,257836.36,35000,390656.710000001,0,1310424.46,0,75979.65,0,0,5327991.25,
,POS -Sales unreflected,,,,,,,,,,,,,0,
,TRANSFER- Sales Unreflected,,,,,,,,,,,,,0,
,Unreflected  Transfer Recieved,,,,,,,,,,,,,0,
,Unreflected Pos Received,,,,,,,,,,,,,0,
,Unreflected Transfer C/D,0,156700,392281.5,17933,0,0,0,0,0,0,0,0,566914.5,
,Unreflected POS C/D,1412932.97,1014631.22,830529.88,257836.36,35000,390656.710000001,0,1310424.46,0,75979.65,0,0,5327991.25,
,,,,,,,,,,,,,,0,
,AVAILABLE BALANCE,102139113.6639,5887873.08,3509906.57999984,1164948.29242336,4456847.98,972907.959999983,1738999.8,1087244.59499999,99561.64,3895979.00000002,492100,161529.31,125607011.901323,
,,,,,,,,,,,,,,0,
,,,,,,,,,,,,,,0,
21/12/2025,OPENING BALANCE,102139113.6639,5887873.08,3509906.57999984,1164948.29242336,4456847.98,972907.959999983,1738999.8,1087244.59499999,99561.64,3895979.00000002,492100,161529.31,125607011.901323,
,INFLOWS:,,,,,,,,,,,,,0,
,POS -Sales,,,,,,,,,,,,,0,
,TRANSFER- Sales,,,,,,,,,,,,,0,
,REVERSED TRANSFER,,,,,,,,,,,,,0,
,OTHER INCOME,,,,,,,,,,,,,0,
,CASH DEPOSIT,,,,,,,,,,,,,0,
,,,,,,,,,,,,,,0,
,OUTFLOW:,,,,,,,,,,,,,0,
,TRANSFER- Expenses,,,,,,,,,,,,,0,
,CASH WITHDRAWAL,,,,,,,,,,,,,0,
,CHARGEBACKS,,,,,,,,,,,,,0,
,CHARGES,,,,,,,,,,,,,0,
,,,,,,,,,,,,,,0,
,UNAVAILABLE BALANCE,102139113.6639,5887873.08,3509906.57999984,1164948.29242336,4456847.98,972907.959999983,1738999.8,1087244.59499999,99561.64,3895979.00000002,492100,161529.31,125607011.901323,
,UNREFLECTED:,,,,,,,,,,,,,0,
,Unreflected Transfer B/F,0,156700,392281.5,17933,0,0,0,0,0,0,0,0,566914.5,
,Unreflected POS B/F,1412932.97,1014631.22,830529.88,257836.36,35000,390656.710000001,0,1310424.46,0,75979.65,0,0,5327991.25,
,POS -Sales unreflected,,,,,,,,,,,,,0,
,TRANSFER- Sales Unreflected,,,,,,,,,,,,,0,
,Unreflected  Transfer Recieved,,,,,,,,,,,,,0,
,Unreflected Pos Received,,,,,,,,,,,,,0,
,Unreflected Transfer C/D,0,156700,392281.5,17933,0,0,0,0,0,0,0,0,566914.5,
,Unreflected POS C/D,1412932.97,1014631.22,830529.88,257836.36,35000,390656.710000001,0,1310424.46,0,75979.65,0,0,5327991.25,
,,,,,,,,,,,,,,0,
,AVAILABLE BALANCE,102139113.6639,5887873.08,3509906.57999984,1164948.29242336,4456847.98,972907.959999983,1738999.8,1087244.59499999,99561.64,3895979.00000002,492100,161529.31,125607011.901323,
,,,,,,,,,,,,,,0,
,,,,,,,,,,,,,,0,
22/12/2025,OPENING BALANCE,102139113.6639,5887873.08,3509906.57999984,1164948.29242336,4456847.98,972907.959999983,1738999.8,1087244.59499999,99561.64,3895979.00000002,492100,161529.31,125607011.901323,
,INFLOWS:,,,,,,,,,,,,,0,
,POS -Sales,,,,,,,,,,,,,0,
,TRANSFER- Sales,,,,,,,,,,,,,0,
,REVERSED TRANSFER,,,,,,,,,,,,,0,
,OTHER INCOME,,,,,,,,,,,,,0,
,CASH DEPOSIT,,,,,,,,,,,,,0,
,,,,,,,,,,,,,,0,
,OUTFLOW:,,,,,,,,,,,,,0,
,TRANSFER- Expenses,,,,,,,,,,,,,0,
,CASH WITHDRAWAL,,,,,,,,,,,,,0,
,CHARGEBACKS,,,,,,,,,,,,,0,
,CHARGES,,,,,,,,,,,,,0,
,,,,,,,,,,,,,,0,
,UNAVAILABLE BALANCE,102139113.6639,5887873.08,3509906.57999984,1164948.29242336,4456847.98,972907.959999983,1738999.8,1087244.59499999,99561.64,3895979.00000002,492100,161529.31,125607011.901323,
,UNREFLECTED:,,,,,,,,,,,,,0,
,Unreflected Transfer B/F,0,156700,392281.5,17933,0,0,0,0,0,0,0,0,566914.5,
,Unreflected POS B/F,1412932.97,1014631.22,830529.88,257836.36,35000,390656.710000001,0,1310424.46,0,75979.65,0,0,5327991.25,
,POS -Sales unreflected,,,,,,,,,,,,,0,
,TRANSFER- Sales Unreflected,,,,,,,,,,,,,0,
,Unreflected  Transfer Recieved,,,,,,,,,,,,,0,
,Unreflected Pos Received,,,,,,,,,,,,,0,
,Unreflected Transfer C/D,0,156700,392281.5,17933,0,0,0,0,0,0,0,0,566914.5,
,Unreflected POS C/D,1412932.97,1014631.22,830529.88,257836.36,35000,390656.710000001,0,1310424.46,0,75979.65,0,0,5327991.25,
,,,,,,,,,,,,,,0,
,AVAILABLE BALANCE,102139113.6639,5887873.08,3509906.57999984,1164948.29242336,4456847.98,972907.959999983,1738999.8,1087244.59499999,99561.64,3895979.00000002,492100,161529.31,125607011.901323,
,,,,,,,,,,,,,,0,
,,,,,,,,,,,,,,0,
23/12/2025,OPENING BALANCE,102139113.6639,5887873.08,3509906.57999984,1164948.29242336,4456847.98,972907.959999983,1738999.8,1087244.59499999,99561.64,3895979.00000002,492100,161529.31,125607011.901323,
,INFLOWS:,,,,,,,,,,,,,0,
,POS -Sales,,,,,,,,,,,,,0,
,TRANSFER- Sales,,,,,,,,,,,,,0,
,REVERSED TRANSFER,,,,,,,,,,,,,0,
,OTHER INCOME,,,,,,,,,,,,,0,
,CASH DEPOSIT,,,,,,,,,,,,,0,
,,,,,,,,,,,,,,0,
,OUTFLOW:,,,,,,,,,,,,,0,
,TRANSFER- Expenses,,,,,,,,,,,,,0,
,CASH WITHDRAWAL,,,,,,,,,,,,,0,
,CHARGEBACKS,,,,,,,,,,,,,0,
,CHARGES,,,,,,,,,,,,,0,
,,,,,,,,,,,,,,0,
,UNAVAILABLE BALANCE,102139113.6639,5887873.08,3509906.57999984,1164948.29242336,4456847.98,972907.959999983,1738999.8,1087244.59499999,99561.64,3895979.00000002,492100,161529.31,125607011.901323,
,UNREFLECTED:,,,,,,,,,,,,,0,
,Unreflected Transfer B/F,0,156700,392281.5,17933,0,0,0,0,0,0,0,0,566914.5,
,Unreflected POS B/F,1412932.97,1014631.22,830529.88,257836.36,35000,390656.710000001,0,1310424.46,0,75979.65,0,0,5327991.25,
,POS -Sales unreflected,,,,,,,,,,,,,0,
,TRANSFER- Sales Unreflected,,,,,,,,,,,,,0,
,Unreflected  Transfer Recieved,,,,,,,,,,,,,0,
,Unreflected Pos Received,,,,,,,,,,,,,0,
,Unreflected Transfer C/D,0,156700,392281.5,17933,0,0,0,0,0,0,0,0,566914.5,
,Unreflected POS C/D,1412932.97,1014631.22,830529.88,257836.36,35000,390656.710000001,0,1310424.46,0,75979.65,0,0,5327991.25,
,,,,,,,,,,,,,,0,
,AVAILABLE BALANCE,102139113.6639,5887873.08,3509906.57999984,1164948.29242336,4456847.98,972907.959999983,1738999.8,1087244.59499999,99561.64,3895979.00000002,492100,161529.31,125607011.901323,
,,,,,,,,,,,,,,0,
,,,,,,,,,,,,,,0,
24/12/2025,OPENING BALANCE,102139113.6639,5887873.08,3509906.57999984,1164948.29242336,4456847.98,972907.959999983,1738999.8,1087244.59499999,99561.64,3895979.00000002,492100,161529.31,125607011.901323,
,INFLOWS:,,,,,,,,,,,,,0,
,POS -Sales,,,,,,,,,,,,,0,
,TRANSFER- Sales,,,,,,,,,,,,,0,
,REVERSED TRANSFER,,,,,,,,,,,,,0,
,OTHER INCOME,,,,,,,,,,,,,0,
,CASH DEPOSIT,,,,,,,,,,,,,0,
,,,,,,,,,,,,,,0,
,OUTFLOW:,,,,,,,,,,,,,0,
,TRANSFER- Expenses,,,,,,,,,,,,,0,
,CASH WITHDRAWAL,,,,,,,,,,,,,0,
,CHARGEBACKS,,,,,,,,,,,,,0,
,CHARGES,,,,,,,,,,,,,0,
,,,,,,,,,,,,,,0,
,UNAVAILABLE BALANCE,102139113.6639,5887873.08,3509906.57999984,1164948.29242336,4456847.98,972907.959999983,1738999.8,1087244.59499999,99561.64,3895979.00000002,492100,161529.31,125607011.901323,
,UNREFLECTED:,,,,,,,,,,,,,0,
,Unreflected Transfer B/F,0,156700,392281.5,17933,0,0,0,0,0,0,0,0,566914.5,
,Unreflected POS B/F,1412932.97,1014631.22,830529.88,257836.36,35000,390656.710000001,0,1310424.46,0,75979.65,0,0,5327991.25,
,POS -Sales unreflected,,,,,,,,,,,,,0,
,TRANSFER- Sales Unreflected,,,,,,,,,,,,,0,
,Unreflected  Transfer Recieved,,,,,,,,,,,,,0,
,Unreflected Pos Received,,,,,,,,,,,,,0,
,Unreflected Transfer C/D,0,156700,392281.5,17933,0,0,0,0,0,0,0,0,566914.5,
,Unreflected POS C/D,1412932.97,1014631.22,830529.88,257836.36,35000,390656.710000001,0,1310424.46,0,75979.65,0,0,5327991.25,
,,,,,,,,,,,,,,0,
,AVAILABLE BALANCE,102139113.6639,5887873.08,3509906.57999984,1164948.29242336,4456847.98,972907.959999983,1738999.8,1087244.59499999,99561.64,3895979.00000002,492100,161529.31,125607011.901323,
,,,,,,,,,,,,,,0,
,,,,,,,,,,,,,,0,
25/12/2025,OPENING BALANCE,102139113.6639,5887873.08,3509906.57999984,1164948.29242336,4456847.98,972907.959999983,1738999.8,1087244.59499999,99561.64,3895979.00000002,492100,161529.31,125607011.901323,
,INFLOWS:,,,,,,,,,,,,,0,
,POS -Sales,,,,,,,,,,,,,0,
,TRANSFER- Sales,,,,,,,,,,,,,0,
,REVERSED TRANSFER,,,,,,,,,,,,,0,
,OTHER INCOME,,,,,,,,,,,,,0,
,CASH DEPOSIT,,,,,,,,,,,,,0,
,,,,,,,,,,,,,,0,
,OUTFLOW:,,,,,,,,,,,,,0,
,TRANSFER- Expenses,,,,,,,,,,,,,0,
,CASH WITHDRAWAL,,,,,,,,,,,,,0,
,CHARGEBACKS,,,,,,,,,,,,,0,
,CHARGES,,,,,,,,,,,,,0,
,,,,,,,,,,,,,,0,
,UNAVAILABLE BALANCE,102139113.6639,5887873.08,3509906.57999984,1164948.29242336,4456847.98,972907.959999983,1738999.8,1087244.59499999,99561.64,3895979.00000002,492100,161529.31,125607011.901323,
,UNREFLECTED:,,,,,,,,,,,,,0,
,Unreflected Transfer B/F,0,156700,392281.5,17933,0,0,0,0,0,0,0,0,566914.5,
,Unreflected POS B/F,1412932.97,1014631.22,830529.88,257836.36,35000,390656.710000001,0,1310424.46,0,75979.65,0,0,5327991.25,
,POS -Sales unreflected,,,,,,,,,,,,,0,
,TRANSFER- Sales Unreflected,,,,,,,,,,,,,0,
,Unreflected  Transfer Recieved,,,,,,,,,,,,,0,
,Unreflected Pos Received,,,,,,,,,,,,,0,
,Unreflected Transfer C/D,0,156700,392281.5,17933,0,0,0,0,0,0,0,0,566914.5,
,Unreflected POS C/D,1412932.97,1014631.22,830529.88,257836.36,35000,390656.710000001,0,1310424.46,0,75979.65,0,0,5327991.25,
,,,,,,,,,,,,,,0,
,AVAILABLE BALANCE,102139113.6639,5887873.08,3509906.57999984,1164948.29242336,4456847.98,972907.959999983,1738999.8,1087244.59499999,99561.64,3895979.00000002,492100,161529.31,125607011.901323,
,,,,,,,,,,,,,,0,
,,,,,,,,,,,,,,0,
26/12/2025,OPENING BALANCE,102139113.6639,5887873.08,3509906.57999984,1164948.29242336,4456847.98,972907.959999983,1738999.8,1087244.59499999,99561.64,3895979.00000002,492100,161529.31,125607011.901323,
,INFLOWS:,,,,,,,,,,,,,0,
,POS -Sales,,,,,,,,,,,,,0,
,TRANSFER- Sales,,,,,,,,,,,,,0,
,REVERSED TRANSFER,,,,,,,,,,,,,0,
,OTHER INCOME,,,,,,,,,,,,,0,
,CASH DEPOSIT,,,,,,,,,,,,,0,
,,,,,,,,,,,,,,0,
,OUTFLOW:,,,,,,,,,,,,,0,
,TRANSFER- Expenses,,,,,,,,,,,,,0,
,CASH WITHDRAWAL,,,,,,,,,,,,,0,
,CHARGEBACKS,,,,,,,,,,,,,0,
,CHARGES,,,,,,,,,,,,,0,
,,,,,,,,,,,,,,0,
,UNAVAILABLE BALANCE,102139113.6639,5887873.08,3509906.57999984,1164948.29242336,4456847.98,972907.959999983,1738999.8,1087244.59499999,99561.64,3895979.00000002,492100,161529.31,125607011.901323,
,UNREFLECTED:,,,,,,,,,,,,,0,
,Unreflected Transfer B/F,0,156700,392281.5,17933,0,0,0,0,0,0,0,0,566914.5,
,Unreflected POS B/F,1412932.97,1014631.22,830529.88,257836.36,35000,390656.710000001,0,1310424.46,0,75979.65,0,0,5327991.25,
,POS -Sales unreflected,,,,,,,,,,,,,0,
,TRANSFER- Sales Unreflected,,,,,,,,,,,,,0,
,Unreflected  Transfer Recieved,,,,,,,,,,,,,0,
,Unreflected Pos Received,,,,,,,,,,,,,0,
,Unreflected Transfer C/D,0,156700,392281.5,17933,0,0,0,0,0,0,0,0,566914.5,
,Unreflected POS C/D,1412932.97,1014631.22,830529.88,257836.36,35000,390656.710000001,0,1310424.46,0,75979.65,0,0,5327991.25,
,,,,,,,,,,,,,,0,
,AVAILABLE BALANCE,102139113.6639,5887873.08,3509906.57999984,1164948.29242336,4456847.98,972907.959999983,1738999.8,1087244.59499999,99561.64,3895979.00000002,492100,161529.31,125607011.901323,
,,,,,,,,,,,,,,0,
,,,,,,,,,,,,,,0,
27/12/2025,OPENING BALANCE,102139113.6639,5887873.08,3509906.57999984,1164948.29242336,4456847.98,972907.959999983,1738999.8,1087244.59499999,99561.64,3895979.00000002,492100,161529.31,125607011.901323,
,INFLOWS:,,,,,,,,,,,,,0,
,POS -Sales,,,,,,,,,,,,,0,
,TRANSFER- Sales,,,,,,,,,,,,,0,
,REVERSED TRANSFER,,,,,,,,,,,,,0,
,OTHER INCOME,,,,,,,,,,,,,0,
,CASH DEPOSIT,,,,,,,,,,,,,0,
,,,,,,,,,,,,,,0,
,OUTFLOW:,,,,,,,,,,,,,0,
,FUNDS/CASH TRANSFER,,,,,,,,,,,,,0,
,CASH WITHDRAWAL,,,,,,,,,,,,,0,
,CHARGEBACKS,,,,,,,,,,,,,0,
,CHARGES,,,,,,,,,,,,,0,
,,,,,,,,,,,,,,0,
,UNAVAILABLE BALANCE,102139113.6639,5887873.08,3509906.57999984,1164948.29242336,4456847.98,972907.959999983,1738999.8,1087244.59499999,99561.64,3895979.00000002,492100,161529.31,125607011.901323,
,UNREFLECTED:,,,,,,,,,,,,,0,
,Unreflected Transfer B/F,0,156700,392281.5,17933,0,0,0,0,0,0,0,0,566914.5,
,Unreflected POS B/F,1412932.97,1014631.22,830529.88,257836.36,35000,390656.710000001,0,1310424.46,0,75979.65,0,0,5327991.25,
,POS -Sales unreflected,,,,,,,,,,,,,0,
,TRANSFER- Sales Unreflected,,,,,,,,,,,,,0,
,Unreflected  Transfer Recieved,,,,,,,,,,,,,0,
,Unreflected Pos Received,,,,,,,,,,,,,0,
,Unreflected Transfer C/D,0,156700,392281.5,17933,0,0,0,0,0,0,0,0,566914.5,
,Unreflected POS C/D,1412932.97,1014631.22,830529.88,257836.36,35000,390656.710000001,0,1310424.46,0,75979.65,0,0,5327991.25,
,,,,,,,,,,,,,,0,
,AVAILABLE BALANCE,102139113.6639,5887873.08,3509906.57999984,1164948.29242336,4456847.98,972907.959999983,1738999.8,1087244.59499999,99561.64,3895979.00000002,492100,161529.31,125607011.901323,
,,,,,,,,,,,,,,0,
,,,,,,,,,,,,,,0,
28/12/2025,OPENING BALANCE,102139113.6639,5887873.08,3509906.57999984,1164948.29242336,4456847.98,972907.959999983,1738999.8,1087244.59499999,99561.64,3895979.00000002,492100,161529.31,125607011.901323,
,INFLOWS:,,,,,,,,,,,,,0,
,POS -Sales,,,,,,,,,,,,,0,
,TRANSFER- Sales,,,,,,,,,,,,,0,
,REVERSED TRANSFER,,,,,,,,,,,,,0,
,OTHER INCOME,,,,,,,,,,,,,0,
,CASH DEPOSIT,,,,,,,,,,,,,0,
,,,,,,,,,,,,,,0,
,OUTFLOW:,,,,,,,,,,,,,0,
,FUNDS/CASH TRANSFER,,,,,,,,,,,,,0,
,CASH WITHDRAWAL,,,,,,,,,,,,,0,
,CHARGEBACKS,,,,,,,,,,,,,0,
,CHARGES,,,,,,,,,,,,,0,
,,,,,,,,,,,,,,0,
,UNAVAILABLE BALANCE,102139113.6639,5887873.08,3509906.57999984,1164948.29242336,4456847.98,972907.959999983,1738999.8,1087244.59499999,99561.64,3895979.00000002,492100,161529.31,125607011.901323,
,UNREFLECTED:,,,,,,,,,,,,,0,
,Unreflected Transfer B/F,0,156700,392281.5,17933,0,0,0,0,0,0,0,0,566914.5,
,Unreflected POS B/F,1412932.97,1014631.22,830529.88,257836.36,35000,390656.710000001,0,1310424.46,0,75979.65,0,0,5327991.25,
,POS -Sales unreflected,,,,,,,,,,,,,0,
,TRANSFER- Sales Unreflected,,,,,,,,,,,,,0,
,Unreflected  Transfer Recieved,,,,,,,,,,,,,0,
,Unreflected Pos Received,,,,,,,,,,,,,0,
,Unreflected Transfer C/D,0,156700,392281.5,17933,0,0,0,0,0,0,0,0,566914.5,
,Unreflected POS C/D,1412932.97,1014631.22,830529.88,257836.36,35000,390656.710000001,0,1310424.46,0,75979.65,0,0,5327991.25,
,,,,,,,,,,,,,,0,
,AVAILABLE BALANCE,102139113.6639,5887873.08,3509906.57999984,1164948.29242336,4456847.98,972907.959999983,1738999.8,1087244.59499999,99561.64,3895979.00000002,492100,161529.31,125607011.901323,
,,,,,,,,,,,,,,0,
,,,,,,,,,,,,,,0,
29/12/2025,OPENING BALANCE,102139113.6639,5887873.08,3509906.57999984,1164948.29242336,4456847.98,972907.959999983,1738999.8,1087244.59499999,99561.64,3895979.00000002,492100,161529.31,125607011.901323,
,INFLOWS:,,,,,,,,,,,,,0,
,POS -Sales,,,,,,,,,,,,,0,
,TRANSFER- Sales,,,,,,,,,,,,,0,
,REVERSED TRANSFER,,,,,,,,,,,,,0,
,OTHER INCOME,,,,,,,,,,,,,0,
,CASH DEPOSIT,,,,,,,,,,,,,0,
,,,,,,,,,,,,,,0,
,OUTFLOW:,,,,,,,,,,,,,0,
,TRANSFER- Expenses,,,,,,,,,,,,,0,
,CASH WITHDRAWAL,,,,,,,,,,,,,0,
,CHARGEBACKS,,,,,,,,,,,,,0,
,CHARGES,,,,,,,,,,,,,0,
,,,,,,,,,,,,,,0,
,UNAVAILABLE BALANCE,102139113.6639,5887873.08,3509906.57999984,1164948.29242336,4456847.98,972907.959999983,1738999.8,1087244.59499999,99561.64,3895979.00000002,492100,161529.31,125607011.901323,
,UNREFLECTED:,,,,,,,,,,,,,0,
,Unreflected Transfer B/F,0,156700,392281.5,17933,0,0,0,0,0,0,0,0,566914.5,
,Unreflected POS B/F,1412932.97,1014631.22,830529.88,257836.36,35000,390656.710000001,0,1310424.46,0,75979.65,0,0,5327991.25,
,POS -Sales unreflected,,,,,,,,,,,,,0,
,TRANSFER- Sales Unreflected,,,,,,,,,,,,,0,
,Unreflected  Transfer Recieved,,,,,,,,,,,,,0,
,Unreflected Pos Received,,,,,,,,,,,,,0,
,Unreflected Transfer C/D,0,156700,392281.5,17933,0,0,0,0,0,0,0,0,566914.5,
,Unreflected POS C/D,1412932.97,1014631.22,830529.88,257836.36,35000,390656.710000001,0,1310424.46,0,75979.65,0,0,5327991.25,
,,,,,,,,,,,,,,0,
,AVAILABLE BALANCE,102139113.6639,5887873.08,3509906.57999984,1164948.29242336,4456847.98,972907.959999983,1738999.8,1087244.59499999,99561.64,3895979.00000002,492100,161529.31,125607011.901323,
,,,,,,,,,,,,,,0,
,,,,,,,,,,,,,,0,
30/12/2025,OPENING BALANCE,102139113.6639,5887873.08,3509906.57999984,1164948.29242336,4456847.98,972907.959999983,1738999.8,1087244.59499999,99561.64,3895979.00000002,492100,161529.31,125607011.901323,
,INFLOWS:,,,,,,,,,,,,,0,
,POS -Sales,,,,,,,,,,,,,0,
,TRANSFER- Sales,,,,,,,,,,,,,0,
,REVERSED TRANSFER,,,,,,,,,,,,,0,
,OTHER INCOME,,,,,,,,,,,,,0,
,CASH DEPOSIT,,,,,,,,,,,,,0,
,,,,,,,,,,,,,,0,
,OUTFLOW:,,,,,,,,,,,,,0,
,TRANSFER- Expenses,,,,,,,,,,,,,0,
,CASH WITHDRAWAL,,,,,,,,,,,,,0,
,CHARGEBACKS,,,,,,,,,,,,,0,
,CHARGES,,,,,,,,,,,,,0,
,,,,,,,,,,,,,,0,
,UNAVAILABLE BALANCE,102139113.6639,5887873.08,3509906.57999984,1164948.29242336,4456847.98,972907.959999983,1738999.8,1087244.59499999,99561.64,3895979.00000002,492100,161529.31,125607011.901323,
,UNREFLECTED:,,,,,,,,,,,,,0,
,Unreflected Transfer B/F,0,156700,392281.5,17933,0,0,0,0,0,0,0,0,566914.5,
,Unreflected POS B/F,1412932.97,1014631.22,830529.88,257836.36,35000,390656.710000001,0,1310424.46,0,75979.65,0,0,5327991.25,
,POS -Sales unreflected,,,,,,,,,,,,,0,
,TRANSFER- Sales Unreflected,,,,,,,,,,,,,0,
,Unreflected  Transfer Recieved,,,,,,,,,,,,,0,
,Unreflected Pos Received,,,,,,,,,,,,,0,
,Unreflected Transfer C/D,0,156700,392281.5,17933,0,0,0,0,0,0,0,0,566914.5,
,Unreflected POS C/D,1412932.97,1014631.22,830529.88,257836.36,35000,390656.710000001,0,1310424.46,0,75979.65,0,0,5327991.25,
,,,,,,,,,,,,,,0,
,AVAILABLE BALANCE,102139113.6639,5887873.08,3509906.57999984,1164948.29242336,4456847.98,972907.959999983,1738999.8,1087244.59499999,99561.64,3895979.00000002,492100,161529.31,125607011.901323,
,,,,,,,,,,,,,,,
,,,,,,,,,,,,,,,
31/12/2025,OPENING BALANCE,102139113.6639,5887873.08,3509906.57999984,1164948.29242336,4456847.98,972907.959999983,1738999.8,1087244.59499999,99561.64,3895979.00000002,492100,161529.31,125607011.901323,
,INFLOWS:,,,,,,,,,,,,,0,
,POS -Sales,,,,,,,,,,,,,0,
,TRANSFER- Sales,,,,,,,,,,,,,0,
,REVERSED TRANSFER,,,,,,,,,,,,,0,
,OTHER INCOME,,,,,,,,,,,,,0,
,CASH DEPOSIT,,,,,,,,,,,,,0,
,,,,,,,,,,,,,,0,
,OUTFLOW:,,,,,,,,,,,,,0,
,TRANSFER- Expenses,,,,,,,,,,,,,0,
,CASH WITHDRAWAL,,,,,,,,,,,,,0,
,CHARGEBACKS,,,,,,,,,,,,,0,
,CHARGES,,,,,,,,,,,,,0,
,,,,,,,,,,,,,,0,
,UNAVAILABLE BALANCE,102139113.6639,5887873.08,3509906.57999984,1164948.29242336,4456847.98,972907.959999983,1738999.8,1087244.59499999,99561.64,3895979.00000002,492100,161529.31,125607011.901323,
,UNREFLECTED:,,,,,,,,,,,,,0,
,Unreflected Transfer B/F,0,156700,392281.5,17933,0,0,0,0,0,0,0,0,566914.5,
,Unreflected POS B/F,1412932.97,1014631.22,830529.88,257836.36,35000,390656.710000001,0,1310424.46,0,75979.65,0,0,5327991.25,
,POS -Sales unreflected,,,,,,,,,,,,,0,
,TRANSFER- Sales Unreflected,,,,,,,,,,,,,0,
,Unreflected  Transfer Recieved,,,,,,,,,,,,,0,
,Unreflected Pos Received,,,,,,,,,,,,,0,
,Unreflected Transfer C/D,0,156700,392281.5,17933,0,0,0,0,0,0,0,0,566914.5,
,Unreflected POS C/D,1412932.97,1014631.22,830529.88,257836.36,35000,390656.710000001,0,1310424.46,0,75979.65,0,0,5327991.25,
,,,,,,,,,,,,,,0,
,AVAILABLE BALANCE,102139113.6639,5887873.08,3509906.57999984,1164948.29242336,4456847.98,972907.959999983,1738999.8,1087244.59499999,99561.64,3895979.00000002,492100,161529.31,125607011.901323,
,,,,,,,,,,,,,,,
,,,,,,,,,,,,,,,
,,,,,,,,,,,,,,,
,,,,,,,,,,,,,,,
,,,,,,,,,,,,,,,
,,,,,,,,,,,,,,,
,,,,,,,,,,,,,,,
,,,,,,,,,,,,,,,
,,,,,,,,,,,,,,,
,,,,,,,,,,,,,,,
,,,,,,,,,,,,,,,
,,,,,,,,,,,,,,,
,,,,,,,,,,,,,,,
,,,,,,,,,,,,,,,
,,,,,,,,,,,,,,,
,,,,,,,,,,,,,,,
,,,,,,,,,,,,,,,
,,,,,,,,,,,,,,,
,,,,,,,,,,,,,,,
,,,,,,,,,,,,,,,
,,,,,,,,,,,,,,,
,,,,,,,,,,,,,,,
,,,,,,,,,,,,,,,
,,,,,,,,,,,,,,,
,,,,,,,,,,,,,,,
,,,,,,,,,,,,,,,
,,,,,,,,,,,,,,,
,,,,,,,,,,,,,,,
,,,,,,,,,,,,,,,
,,,,,,,,,,,,,,,
,,,,,,,,,,,,,,,
,,,,,,,,,,,,,,,
,,,,,,,,,,,,,,,
,,,,,,,,,,,,,,,
,,,,,,,,,,,,,,,
,,,,,,,,,,,,,,,
,,,,,,,,,,,,,,,
,,,,,,,,,,,,,,,
,,,,,,,,,,,,,,,
,,,,,,,,,,,,,,,
,,,,,,,,,,,,,,,
,,,,,,,,,,,,,,,
,,,,,,,,,,,,,,,
,,,,,,,,,,,,,,,
,,,,,,,,,,,,,,,
,,,,,,,,,,,,,,,
,,,,,,,,,,,,,,,
,,,,,,,,,,,,,,,
,,,,,,,,,,,,,,,
,,,,,,,,,,,,,,,
,,,,,,,,,,,,,,,
,,,,,,,,,,,,,,,
,,,,,,,,,,,,,,,
,,,,,,,,,,,,,,,
,,,,,,,,,,,,,,,
,,,,,,,,,,,,,,,
,,,,,,,,,,,,,,,
,,,,,,,,,,,,,,,
,,,,,,,,,,,,,,,
,,,,,,,,,,,,,,,
,,,,,,,,,,,,,,,
,,,,,,,,,,,,,,,
,,,,,,,,,,,,,,,
,,,,,,,,,,,,,,,
,,,,,,,,,,,,,,,
,,,,,,,,,,,,,,,
,,,,,,,,,,,,,,,
,,,,,,,,,,,,,,,
,,,,,,,,,,,,,,,
,,,,,,,,,,,,,,,
,,,,,,,,,,,,,,,
,,,,,,,,,,,,,,,
,,,,,,,,,,,,,,,
,,,,,,,,,,,,,,,
,,,,,,,,,,,,,,,
,,,,,,,,,,,,,,,
,,,,,,,,,,,,,,,
,,,,,,,,,,,,,,,
,,,,,,,,,,,,,,,
,,,,,,,,,,,,,,,
,,,,,,,,,,,,,,,
,,,,,,,,,,,,,,,
,,,,,,,,,,,,,,,
,,,,,,,,,,,,,,,
,,,,,,,,,,,,,,,
,,,,,,,,,,,,,,,
,,,,,,,,,,,,,,,
,,,,,,,,,,,,,,,
,,,,,,,,,,,,,,,
,,,,,,,,,,,,,,,
,,,,,,,,,,,,,,,
,,,,,,,,,,,,,,,
,,,,,,,,,,,,,,,
,,,,,,,,,,,,,,,
,,,,,,,,,,,,,,,
,,,,,,,,,,,,,,,
,,,,,,,,,,,,,,,
,,,,,,,,,,,,,,,
,,,,,,,,,,,,,,,
,,,,,,,,,,,,,,,
,,,,,,,,,,,,,,,
,,,,,,,,,,,,,,,
,,,,,,,,,,,,,,,
,,,,,,,,,,,,,,,
,,,,,,,,,,,,,,,
,,,,,,,,,,,,,,,
,,,,,,,,,,,,,,,
,,,,,,,,,,,,,,,
,,,,,,,,,,,,,,,
,,,,,,,,,,,,,,,
,,,,,,,,,,,,,,,
,,,,,,,,,,,,,,,
,,,,,,,,,,,,,,,
,,,,,,,,,,,,,,,
,,,,,,,,,,,,,,,
,,,,,,,,,,,,,,,
,,,,,,,,,,,,,,,
,,,,,,,,,,,,,,,
,,,,,,,,,,,,,,,
,,,,,,,,,,,,,,,
,,,,,,,,,,,,,,,
,,,,,,,,,,,,,,,
,,,,,,,,,,,,,,,
,,,,,,,,,,,,,,,
,,,,,,,,,,,,,,,
,,,,,,,,,,,,,,,
,,,,,,,,,,,,,,,
,,,,,,,,,,,,,,,
,,,,,,,,,,,,,,,
,,,,,,,,,,,,,,,
,,,,,,,,,,,,,,,
,,,,,,,,,,,,,,,
,,,,,,,,,,,,,,,
,,,,,,,,,,,,,,,
,,,,,,,,,,,,,,,
,,,,,,,,,,,,,,,
,,,,,,,,,,,,,,,
,,,,,,,,,,,,,,,
,,,,,,,,,,,,,,,
,,,,,,,,,,,,,,,
,,,,,,,,,,,,,,,
,,,,,,,,,,,,,,,
,,,,,,,,,,,,,,,
,,,,,,,,,,,,,,,
,,,,,,,,,,,,,,,
,,,,,,,,,,,,,,,
,,,,,,,,,,,,,,,
,,,,,,,,,,,,,,,
,,,,,,,,,,,,,,,
,,,,,,,,,,,,,,,
,,,,,,,,,,,,,,,
,,,,,,,,,,,,,,,
,,,,,,,,,,,,,,,
,,,,,,,,,,,,,,,
,,,,,,,,,,,,,,,
,,,,,,,,,,,,,,,
,,,,,,,,,,,,,,,
,,,,,,,,,,,,,,,
,,,,,,,,,,,,,,,
,,,,,,,,,,,,,,,
,,,,,,,,,,,,,,,
,,,,,,,,,,,,,,,
,,,,,,,,,,,,,,,
,,,,,,,,,,,,,,,
,,,,,,,,,,,,,,,
,,,,,,,,,,,,,,,
,,,,,,,,,,,,,,,
,,,,,,,,,,,,,,,
,,,,,,,,,,,,,,,
,,,,,,,,,,,,,,,
,,,,,,,,,,,,,,,
,,,,,,,,,,,,,,,
,,,,,,,,,,,,,,,
,,,,,,,,,,,,,,,
,,,,,,,,,,,,,,,
,,,,,,,,,,,,,,,
,,,,,,,,,,,,,,,
,,,,,,,,,,,,,,,
,,,,,,,,,,,,,,,
,,,,,,,,,,,,,,,
,,,,,,,,,,,,,,,
,,,,,,,,,,,,,,,
,,,,,,,,,,,,,,,
,,,,,,,,,,,,,,,
,,,,,,,,,,,,,,,
,,,,,,,,,,,,,,,
,,,,,,,,,,,,,,,
,,,,,,,,,,,,,,,
,,,,,,,,,,,,,,,
,,,,,,,,,,,,,,,
,,,,,,,,,,,,,,,
,,,,,,,,,,,,,,,
,,,,,,,,,,,,,,,
,,,,,,,,,,,,,,,
,,,,,,,,,,,,,,,
,,,,,,,,,,,,,,,
,,,,,,,,,,,,,,,
,,,,,,,,,,,,,,,
,,,,,,,,,,,,,,,
,,,,,,,,,,,,,,,
,,,,,,,,,,,,,,,
,,,,,,,,,,,,,,,
,,,,,,,,,,,,,,,
,,,,,,,,,,,,,,,
,,,,,,,,,,,,,,,
,,,,,,,,,,,,,,,
,,,,,,,,,,,,,,,
,,,,,,,,,,,,,,,
,,,,,,,,,,,,,,,
,,,,,,,,,,,,,,,
,,,,,,,,,,,,,,,
,,,,,,,,,,,,,,,
,,,,,,,,,,,,,,,
,,,,,,,,,,,,,,,
,,,,,,,,,,,,,,,
,,,,,,,,,,,,,,,
,,,,,,,,,,,,,,,
,,,,,,,,,,,,,,,
,,,,,,,,,,,,,,,
,,,,,,,,,,,,,,,
,,,,,,,,,,,,,,,
,,,,,,,,,,,,,,,
,,,,,,,,,,,,,,,
,,,,,,,,,,,,,,,
,,,,,,,,,,,,,,,
,,,,,,,,,,,,,,,
,,,,,,,,,,,,,,,
,,,,,,,,,,,,,,,
,,,,,,,,,,,,,,,
,,,,,,,,,,,,,,,
,,,,,,,,,,,,,,,
,,,,,,,,,,,,,,,
,,,,,,,,,,,,,,,
,,,,,,,,,,,,,,,
,,,,,,,,,,,,,,,
,,,,,,,,,,,,,,,
,,,,,,,,,,,,,,,
,,,,,,,,,,,,,,,
,,,,,,,,,,,,,,,
,,,,,,,,,,,,,,,
,,,,,,,,,,,,,,,
,,,,,,,,,,,,,,,
,,,,,,,,,,,,,,,
,,,,,,,,,,,,,,,
,,,,,,,,,,,,,,,
,,,,,,,,,,,,,,,
,,,,,,,,,,,,,,,
,,,,,,,,,,,,,,,
,,,,,,,,,,,,,,,
,,,,,,,,,,,,,,,
,,,,,,,,,,,,,,,
,,,,,,,,,,,,,,,
,,,,,,,,,,,,,,,
,,,,,,,,,,,,,,,
,,,,,,,,,,,,,,,
,,,,,,,,,,,,,,,
,,,,,,,,,,,,,,,
,,,,,,,,,,,,,,,
,,,,,,,,,,,,,,,
,,,,,,,,,,,,,,,
,,,,,,,,,,,,,,,
,,,,,,,,,,,,,,,
,,,,,,,,,,,,,,,
,,,,,,,,,,,,,,,
,,,,,,,,,,,,,,,
,,,,,,,,,,,,,,,
,,,,,,,,,,,,,,,
,,,,,,,,,,,,,,,
,,,,,,,,,,,,,,,
,,,,,,,,,,,,,,,
,,,,,,,,,,,,,,,
,,,,,,,,,,,,,,,
,,,,,,,,,,,,,,,
,,,,,,,,,,,,,,,
,,,,,,,,,,,,,,,
,,,,,,,,,,,,,,,
,,,,,,,,,,,,,,,
,,,,,,,,,,,,,,,
,,,,,,,,,,,,,,,
,,,,,,,,,,,,,,,
,,,,,,,,,,,,,,,
,,,,,,,,,,,,,,,
,,,,,,,,,,,,,,,
,,,,,,,,,,,,,,,
,,,,,,,,,,,,,,,
,,,,,,,,,,,,,,,
,,,,,,,,,,,,,,,
,,,,,,,,,,,,,,,
,,,,,,,,,,,,,,,
,,,,,,,,,,,,,,,
,,,,,,,,,,,,,,,
,,,,,,,,,,,,,,,
,,,,,,,,,,,,,,,
,,,,,,,,,,,,,,,
,,,,,,,,,,,,,,,
,,,,,,,,,,,,,,,
,,,,,,,,,,,,,,,
,,,,,,,,,,,,,,,
,,,,,,,,,,,,,,,
,,,,,,,,,,,,,,,
,,,,,,,,,,,,,,,
,,,,,,,,,,,,,,,
,,,,,,,,,,,,,,,
,,,,,,,,,,,,,,,
,,,,,,,,,,,,,,,
,,,,,,,,,,,,,,,
,,,,,,,,,,,,,,,
,,,,,,,,,,,,,,,
,,,,,,,,,,,,,,,
,,,,,,,,,,,,,,,
,,,,,,,,,,,,,,,
,,,,,,,,,,,,,,,
,,,,,,,,,,,,,,,
,,,,,,,,,,,,,,,
,,,,,,,,,,,,,,,
,,,,,,,,,,,,,,,
,,,,,,,,,,,,,,,
,,,,,,,,,,,,,,,
,,,,,,,,,,,,,,,
,,,,,,,,,,,,,,,
,,,,,,,,,,,,,,,
,,,,,,,,,,,,,,,
,,,,,,,,,,,,,,,
,,,,,,,,,,,,,,,
,,,,,,,,,,,,,,,
,,,,,,,,,,,,,,,
,,,,,,,,,,,,,,,
,,,,,,,,,,,,,,,
,,,,,,,,,,,,,,,
,,,,,,,,,,,,,,,
,,,,,,,,,,,,,,,
,,,,,,,,,,,,,,,
,,,,,,,,,,,,,,,
,,,,,,,,,,,,,,,
,,,,,,,,,,,,,,,
,,,,,,,,,,,,,,,
,,,,,,,,,,,,,,,
,,,,,,,,,,,,,,,
,,,,,,,,,,,,,,,
,,,,,,,,,,,,,,,
,,,,,,,,,,,,,,,
,,,,,,,,,,,,,,,
,,,,,,,,,,,,,,,
,,,,,,,,,,,,,,,
,,,,,,,,,,,,,,,
,,,,,,,,,,,,,,,
,,,,,,,,,,,,,,,
,,,,,,,,,,,,,,,
,,,,,,,,,,,,,,,
,,,,,,,,,,,,,,,
,,,,,,,,,,,,,,,
,,,,,,,,,,,,,,,
,,,,,,,,,,,,,,,
,,,,,,,,,,,,,,,
,,,,,,,,,,,,,,,
,,,,,,,,,,,,,,,
,,,,,,,,,,,,,,,
,,,,,,,,,,,,,,,
,,,,,,,,,,,,,,,
,,,,,,,,,,,,,,,
,,,,,,,,,,,,,,,
,,,,,,,,,,,,,,,
,,,,,,,,,,,,,,,
,,,,,,,,,,,,,,,
,,,,,,,,,,,,,,,
,,,,,,,,,,,,,,,
,,,,,,,,,,,,,,,
,,,,,,,,,,,,,,,
,,,,,,,,,,,,,,,
,,,,,,,,,,,,,,,
,,,,,,,,,,,,,,,
,,,,,,,,,,,,,,,
,,,,,,,,,,,,,,,
,,,,,,,,,,,,,,,
,,,,,,,,,,,,,,,
,,,,,,,,,,,,,,,
,,,,,,,,,,,,,,,
,,,,,,,,,,,,,,,
,,,,,,,,,,,,,,,
,,,,,,,,,,,,,,,
,,,,,,,,,,,,,,,
,,,,,,,,,,,,,,,
,,,,,,,,,,,,,,,
,,,,,,,,,,,,,,,
,,,,,,,,,,,,,,,
,,,,,,,,,,,,,,,
,,,,,,,,,,,,,,,
,,,,,,,,,,,,,,,
,,,,,,,,,,,,,,,
,,,,,,,,,,,,,,,
,,,,,,,,,,,,,,,
,,,,,,,,,,,,,,,
,,,,,,,,,,,,,,,
,,,,,,,,,,,,,,,
,,,,,,,,,,,,,,,
,,,,,,,,,,,,,,,
,,,,,,,,,,,,,,,
,,,,,,,,,,,,,,,
,,,,,,,,,,,,,,,
,,,,,,,,,,,,,,,
,,,,,,,,,,,,,,,
,,,,,,,,,,,,,,,
,,,,,,,,,,,,,,,
,,,,,,,,,,,,,,,
,,,,,,,,,,,,,,,
,,,,,,,,,,,,,,,
,,,,,,,,,,,,,,,
,,,,,,,,,,,,,,,
,,,,,,,,,,,,,,,
,,,,,,,,,,,,,,,
,,,,,,,,,,,,,,,
,,,,,,,,,,,,,,,
,,,,,,,,,,,,,,,
,,,,,,,,,,,,,,,
,,,,,,,,,,,,,,,
,,,,,,,,,,,,,,,
,,,,,,,,,,,,,,,
,,,,,,,,,,,,,,,
,,,,,,,,,,,,,,,
,,,,,,,,,,,,,,,
,,,,,,,,,,,,,,,
,,,,,,,,,,,,,,,
,,,,,,,,,,,,,,,
,,,,,,,,,,,,,,,
,,,,,,,,,,,,,,,
,,,,,,,,,,,,,,,
,,,,,,,,,,,,,,,
,,,,,,,,,,,,,,,
,,,,,,,,,,,,,,,
,,,,,,,,,,,,,,,
,,,,,,,,,,,,,,,
,,,,,,,,,,,,,,,
,,,,,,,,,,,,,,,
,,,,,,,,,,,,,,,
,,,,,,,,,,,,,,,
,,,,,,,,,,,,,,,
,,,,,,,,,,,,,,,
,,,,,,,,,,,,,,,
,,,,,,,,,,,,,,,
,,,,,,,,,,,,,,,
,,,,,,,,,,,,,,,
,,,,,,,,,,,,,,,
,,,,,,,,,,,,,,,
,,,,,,,,,,,,,,,
,,,,,,,,,,,,,,,
,,,,,,,,,,,,,,,
,,,,,,,,,,,,,,,
,,,,,,,,,,,,,,,
,,,,,,,,,,,,,,,
,,,,,,,,,,,,,,,
,,,,,,,,,,,,,,,
,,,,,,,,,,,,,,,
,,,,,,,,,,,,,,,
,,,,,,,,,,,,,,,
,,,,,,,,,,,,,,,
,,,,,,,,,,,,,,,
,,,,,,,,,,,,,,,
,,,,,,,,,,,,,,,
,,,,,,,,,,,,,,,
,,,,,,,,,,,,,,,
,,,,,,,,,,,,,,,
,,,,,,,,,,,,,,,
,,,,,,,,,,,,,,,
,,,,,,,,,,,,,,,
,,,,,,,,,,,,,,,
,,,,,,,,,,,,,,,
,,,,,,,,,,,,,,,
,,,,,,,,,,,,,,,
,,,,,,,,,,,,,,,
,,,,,,,,,,,,,,,
,,,,,,,,,,,,,,,
,,,,,,,,,,,,,,,
,,,,,,,,,,,,,,,
,,,,,,,,,,,,,,,
,,,,,,,,,,,,,,,
,,,,,,,,,,,,,,,
,,,,,,,,,,,,,,,
,,,,,,,,,,,,,,,
,,,,,,,,,,,,,,,
,,,,,,,,,,,,,,,
,,,,,,,,,,,,,,,
,,,,,,,,,,,,,,,
,,,,,,,,,,,,,,,
,,,,,,,,,,,,,,,
,,,,,,,,,,,,,,,
,,,,,,,,,,,,,,,
,,,,,,,,,,,,,,,
,,,,,,,,,,,,,,,
,,,,,,,,,,,,,,,
,,,,,,,,,,,,,,,
,,,,,,,,,,,,,,,
,,,,,,,,,,,,,,,
,,,,,,,,,,,,,,,
,,,,,,,,,,,,,,,
,,,,,,,,,,,,,,,
,,,,,,,,,,,,,,,
,,,,,,,,,,,,,,,
,,,,,,,,,,,,,,,
,,,,,,,,,,,,,,,
,,,,,,,,,,,,,,,
,,,,,,,,,,,,,,,
,,,,,,,,,,,,,,,
,,,,,,,,,,,,,,,
,,,,,,,,,,,,,,,
,,,,,,,,,,,,,,,
,,,,,,,,,,,,,,,
,,,,,,,,,,,,,,,
,,,,,,,,,,,,,,,
,,,,,,,,,,,,,,,
,,,,,,,,,,,,,,,
,,,,,,,,,,,,,,,
,,,,,,,,,,,,,,,
,,,,,,,,,,,,,,,
,,,,,,,,,,,,,,,
,,,,,,,,,,,,,,,
,,,,,,,,,,,,,,,
,,,,,,,,,,,,,,,
,,,,,,,,,,,,,,,
,,,,,,,,,,,,,,,
,,,,,,,,,,,,,,,
,,,,,,,,,,,,,,,
,,,,,,,,,,,,,,,
,,,,,,,,,,,,,,,
,,,,,,,,,,,,,,,
,,,,,,,,,,,,,,,
,,,,,,,,,,,,,,,
,,,,,,,,,,,,,,,
,,,,,,,,,,,,,,,
,,,,,,,,,,,,,,,
,,,,,,,,,,,,,,,
,,,,,,,,,,,,,,,
,,,,,,,,,,,,,,,
,,,,,,,,,,,,,,,
,,,,,,,,,,,,,,,
,,,,,,,,,,,,,,,
,,,,,,,,,,,,,,,
,,,,,,,,,,,,,,,
,,,,,,,,,,,,,,,
,,,,,,,,,,,,,,,
,,,,,,,,,,,,,,,
,,,,,,,,,,,,,,,
,,,,,,,,,,,,,,,
,,,,,,,,,,,,,,,
,,,,,,,,,,,,,,,
,,,,,,,,,,,,,,,
,,,,,,,,,,,,,,,
,,,,,,,,,,,,,,,
,,,,,,,,,,,,,,,
,,,,,,,,,,,,,,,
,,,,,,,,,,,,,,,
,,,,,,,,,,,,,,,
,,,,,,,,,,,,,,,
,,,,,,,,,,,,,,,
,,,,,,,,,,,,,,,
,,,,,,,,,,,,,,,
,,,,,,,,,,,,,,,
,,,,,,,,,,,,,,,
,,,,,,,,,,,,,,,
,,,,,,,,,,,,,,,
,,,,,,,,,,,,,,,
,,,,,,,,,,,,,,,
,,,,,,,,,,,,,,,
,,,,,,,,,,,,,,,
,,,,,,,,,,,,,,,
,,,,,,,,,,,,,,,
,,,,,,,,,,,,,,,
,,,,,,,,,,,,,,,
,,,,,,,,,,,,,,,
,,,,,,,,,,,,,,,
,,,,,,,,,,,,,,,
,,,,,,,,,,,,,,,
,,,,,,,,,,,,,,,
,,,,,,,,,,,,,,,
,,,,,,,,,,,,,,,
,,,,,,,,,,,,,,,
,,,,,,,,,,,,,,,
,,,,,,,,,,,,,,,
,,,,,,,,,,,,,,,
,,,,,,,,,,,,,,,
,,,,,,,,,,,,,,,
,,,,,,,,,,,,,,,
,,,,,,,,,,,,,,,
,,,,,,,,,,,,,,,
,,,,,,,,,,,,,,,
,,,,,,,,,,,,,,,
,,,,,,,,,,,,,,,
,,,,,,,,,,,,,,,
,,,,,,,,,,,,,,,
,,,,,,,,,,,,,,,
,,,,,,,,,,,,,,,
,,,,,,,,,,,,,,,
,,,,,,,,,,,,,,,
,,,,,,,,,,,,,,,
,,,,,,,,,,,,,,,
,,,,,,,,,,,,,,,
,,,,,,,,,,,,,,,
,,,,,,,,,,,,,,,
,,,,,,,,,,,,,,,
,,,,,,,,,,,,,,,
,,,,,,,,,,,,,,,
,,,,,,,,,,,,,,,
,,,,,,,,,,,,,,,
,,,,,,,,,,,,,,,
,,,,,,,,,,,,,,,
,,,,,,,,,,,,,,,
,,,,,,,,,,,,,,,
,,,,,,,,,,,,,,,
,,,,,,,,,,,,,,,
,,,,,,,,,,,,,,,
,,,,,,,,,,,,,,,
,,,,,,,,,,,,,,,
,,,,,,,,,,,,,,,
,,,,,,,,,,,,,,,
,,,,,,,,,,,,,,,
,,,,,,,,,,,,,,,
,,,,,,,,,,,,,,,
,,,,,,,,,,,,,,,
,,,,,,,,,,,,,,,
,,,,,,,,,,,,,,,
,,,,,,,,,,,,,,,
,,,,,,,,,,,,,,,
,,,,,,,,,,,,,,,
,,,,,,,,,,,,,,,
,,,,,,,,,,,,,,,
,,,,,,,,,,,,,,,
,,,,,,,,,,,,,,,
,,,,,,,,,,,,,,,
,,,,,,,,,,,,,,,
,,,,,,,,,,,,,,,
,,,,,,,,,,,,,,,
,,,,,,,,,,,,,,,
,,,,,,,,,,,,,,,
,,,,,,,,,,,,,,,
,,,,,,,,,,,,,,,
,,,,,,,,,,,,,,,
,,,,,,,,,,,,,,,
,,,,,,,,,,,,,,,
,,,,,,,,,,,,,,,
,,,,,,,,,,,,,,,
,,,,,,,,,,,,,,,
,,,,,,,,,,,,,,,
,,,,,,,,,,,,,,,
,,,,,,,,,,,,,,,
,,,,,,,,,,,,,,,
,,,,,,,,,,,,,,,
,,,,,,,,,,,,,,,
,,,,,,,,,,,,,,,
,,,,,,,,,,,,,,,
,,,,,,,,,,,,,,,
,,,,,,,,,,,,,,,
,,,,,,,,,,,,,,,
,,,,,,,,,,,,,,,
,,,,,,,,,,,,,,,
,,,,,,,,,,,,,,,
,,,,,,,,,,,,,,,
,,,,,,,,,,,,,,,
,,,,,,,,,,,,,,,
,,,,,,,,,,,,,,,
,,,,,,,,,,,,,,,
,,,,,,,,,,,,,,,
,,,,,,,,,,,,,,,
,,,,,,,,,,,,,,,
,,,,,,,,,,,,,,,
,,,,,,,,,,,,,,,
,,,,,,,,,,,,,,,
,,,,,,,,,,,,,,,
,,,,,,,,,,,,,,,
,,,,,,,,,,,,,,,
,,,,,,,,,,,,,,,
,,,,,,,,,,,,,,,
,,,,,,,,,,,,,,,
,,,,,,,,,,,,,,,
,,,,,,,,,,,,,,,
,,,,,,,,,,,,,,,
,,,,,,,,,,,,,,,
,,,,,,,,,,,,,,,
,,,,,,,,,,,,,,,
,,,,,,,,,,,,,,,
,,,,,,,,,,,,,,,
,,,,,,,,,,,,,,,
,,,,,,,,,,,,,,,
,,,,,,,,,,,,,,,
,,,,,,,,,,,,,,,
,,,,,,,,,,,,,,,
,,,,,,,,,,,,,,,
,,,,,,,,,,,,,,,
,,,,,,,,,,,,,,,
,,,,,,,,,,,,,,,
,,,,,,,,,,,,,,,
,,,,,,,,,,,,,,,
,,,,,,,,,,,,,,,
,,,,,,,,,,,,,,,
,,,,,,,,,,,,,,,
,,,,,,,,,,,,,,,
,,,,,,,,,,,,,,,
,,,,,,,,,,,,,,,
,,,,,,,,,,,,,,,
,,,,,,,,,,,,,,,
,,,,,,,,,,,,,,,
,,,,,,,,,,,,,,,
,,,,,,,,,,,,,,,
,,,,,,,,,,,,,,,
,,,,,,,,,,,,,,,
,,,,,,,,,,,,,,,
,,,,,,,,,,,,,,,
,,,,,,,,,,,,,,,
,,,,,,,,,,,,,,,
,,,,,,,,,,,,,,,
,,,,,,,,,,,,,,,
,,,,,,,,,,,,,,,
,,,,,,,,,,,,,,,
,,,,,,,,,,,,,,,
,,,,,,,,,,,,,,,
,,,,,,,,,,,,,,,
,,,,,,,,,,,,,,,
,,,,,,,,,,,,,,,
,,,,,,,,,,,,,,,
,,,,,,,,,,,,,,,
,,,,,,,,,,,,,,,
,,,,,,,,,,,,,,,
,,,,,,,,,,,,,,,
,,,,,,,,,,,,,,,
,,,,,,,,,,,,,,,
,,,,,,,,,,,,,,,
,,,,,,,,,,,,,,,
,,,,,,,,,,,,,,,
,,,,,,,,,,,,,,,
,,,,,,,,,,,,,,,
,,,,,,,,,,,,,,,
,,,,,,,,,,,,,,,
,,,,,,,,,,,,,,,
,,,,,,,,,,,,,,,
,,,,,,,,,,,,,,,
,,,,,,,,,,,,,,,
,,,,,,,,,,,,,,,
,,,,,,,,,,,,,,,
,,,,,,,,,,,,,,,
,,,,,,,,,,,,,,,
,,,,,,,,,,,,,,,
,,,,,,,,,,,,,,,
,,,,,,,,,,,,,,,
,,,,,,,,,,,,,,,
,,,,,,,,,,,,,,,
,,,,,,,,,,,,,,,
,,,,,,,,,,,,,,,
,,,,,,,,,,,,,,,
,,,,,,,,,,,,,,,
,,,,,,,,,,,,,,,
,,,,,,,,,,,,,,,
,,,,,,,,,,,,,,,
,,,,,,,,,,,,,,,
,,,,,,,,,,,,,,,
,,,,,,,,,,,,,,,
,,,,,,,,,,,,,,,
,,,,,,,,,,,,,,,
,,,,,,,,,,,,,,,
,,,,,,,,,,,,,,,
,,,,,,,,,,,,,,,
,,,,,,,,,,,,,,,
,,,,,,,,,,,,,,,
,,,,,,,,,,,,,,,
,,,,,,,,,,,,,,,
,,,,,,,,,,,,,,,
,,,,,,,,,,,,,,,
,,,,,,,,,,,,,,,
,,,,,,,,,,,,,,,
,,,,,,,,,,,,,,,
,,,,,,,,,,,,,,,
,,,,,,,,,,,,,,,
,,,,,,,,,,,,,,,
,,,,,,,,,,,,,,,
,,,,,,,,,,,,,,,
,,,,,,,,,,,,,,,
,,,,,,,,,,,,,,,
,,,,,,,,,,,,,,,
,,,,,,,,,,,,,,,
,,,,,,,,,,,,,,,
,,,,,,,,,,,,,,,
,,,,,,,,,,,,,,,
,,,,,,,,,,,,,,,
,,,,,,,,,,,,,,,
,,,,,,,,,,,,,,,
,,,,,,,,,,,,,,,
,,,,,,,,,,,,,,,
,,,,,,,,,,,,,,,
,,,,,,,,,,,,,,,
,,,,,,,,,,,,,,,
,,,,,,,,,,,,,,,
,,,,,,,,,,,,,,,
,,,,,,,,,,,,,,,
,,,,,,,,,,,,,,,
,,,,,,,,,,,,,,,
,,,,,,,,,,,,,,,
,,,,,,,,,,,,,,,
,,,,,,,,,,,,,,,
,,,,,,,,,,,,,,,
,,,,,,,,,,,,,,,
,,,,,,,,,,,,,,,
,,,,,,,,,,,,,,,
,,,,,,,,,,,,,,,
,,,,,,,,,,,,,,,
,,,,,,,,,,,,,,,
,,,,,,,,,,,,,,,
,,,,,,,,,,,,,,,
,,,,,,,,,,,,,,,
,,,,,,,,,,,,,,,
,,,,,,,,,,,,,,,
,,,,,,,,,,,,,,,
,,,,,,,,,,,,,,,
,,,,,,,,,,,,,,,
,,,,,,,,,,,,,,,
,,,,,,,,,,,,,,,
,,,,,,,,,,,,,,,
,,,,,,,,,,,,,,,
,,,,,,,,,,,,,,,
,,,,,,,,,,,,,,,
,,,,,,,,,,,,,,,
,,,,,,,,,,,,,,,
,,,,,,,,,,,,,,,
,,,,,,,,,,,,,,,
,,,,,,,,,,,,,,,
,,,,,,,,,,,,,,,
,,,,,,,,,,,,,,,
,,,,,,,,,,,,,,,
,,,,,,,,,,,,,,,
,,,,,,,,,,,,,,,
,,,,,,,,,,,,,,,
,,,,,,,,,,,,,,,
,,,,,,,,,,,,,,,
,,,,,,,,,,,,,,,
,,,,,,,,,,,,,,,
,,,,,,,,,,,,,,,
,,,,,,,,,,,,,,,
,,,,,,,,,,,,,,,
,,,,,,,,,,,,,,,
,,,,,,,,,,,,,,,
,,,,,,,,,,,,,,,
,,,,,,,,,,,,,,,
,,,,,,,,,,,,,,,
,,,,,,,,,,,,,,,
,,,,,,,,,,,,,,,
,,,,,,,,,,,,,,,
,,,,,,,,,,,,,,,
,,,,,,,,,,,,,,,
,,,,,,,,,,,,,,,
,,,,,,,,,,,,,,,
,,,,,,,,,,,,,,,
,,,,,,,,,,,,,,,
,,,,,,,,,,,,,,,
,,,,,,,,,,,,,,,
,,,,,,,,,,,,,,,
,,,,,,,,,,,,,,,
,,,,,,,,,,,,,,,
,,,,,,,,,,,,,,,
,,,,,,,,,,,,,,,
,,,,,,,,,,,,,,,
,,,,,,,,,,,,,,,
,,,,,,,,,,,,,,,
,,,,,,,,,,,,,,,
,,,,,,,,,,,,,,,
,,,,,,,,,,,,,,,
,,,,,,,,,,,,,,,
,,,,,,,,,,,,,,,
,,,,,,,,,,,,,,,
,,,,,,,,,,,,,,,
,,,,,,,,,,,,,,,
,,,,,,,,,,,,,,,
,,,,,,,,,,,,,,,
,,,,,,,,,,,,,,,
,,,,,,,,,,,,,,,
,,,,,,,,,,,,,,,
,,,,,,,,,,,,,,,
,,,,,,,,,,,,,,,
,,,,,,,,,,,,,,,
,,,,,,,,,,,,,,,
,,,,,,,,,,,,,,,
,,,,,,,,,,,,,,,
,,,,,,,,,,,,,,,
,,,,,,,,,,,,,,,
,,,,,,,,,,,,,,,
,,,,,,,,,,,,,,,
,,,,,,,,,,,,,,,
,,,,,,,,,,,,,,,
,,,,,,,,,,,,,,,
,,,,,,,,,,,,,,,
,,,,,,,,,,,,,,,
,,,,,,,,,,,,,,,
,,,,,,,,,,,,,,,
,,,,,,,,,,,,,,,
,,,,,,,,,,,,,,,
,,,,,,,,,,,,,,,
,,,,,,,,,,,,,,,
,,,,,,,,,,,,,,,
,,,,,,,,,,,,,,,
,,,,,,,,,,,,,,,
,,,,,,,,,,,,,,,
,,,,,,,,,,,,,,,
,,,,,,,,,,,,,,,
,,,,,,,,,,,,,,,
,,,,,,,,,,,,,,,
,,,,,,,,,,,,,,,
,,,,,,,,,,,,,,,
,,,,,,,,,,,,,,,
,,,,,,,,,,,,,,,
,,,,,,,,,,,,,,,
,,,,,,,,,,,,,,,
,,,,,,,,,,,,,,,
,,,,,,,,,,,,,,,
,,,,,,,,,,,,,,,
,,,,,,,,,,,,,,,
,,,,,,,,,,,,,,,
,,,,,,,,,,,,,,,
,,,,,,,,,,,,,,,
,,,,,,,,,,,,,,,
,,,,,,,,,,,,,,,
,,,,,,,,,,,,,,,
,,,,,,,,,,,,,,,
,,,,,,,,,,,,,,,
,,,,,,,,,,,,,,,
,,,,,,,,,,,,,,,
,,,,,,,,,,,,,,,
,,,,,,,,,,,,,,,
,,,,,,,,,,,,,,,
,,,,,,,,,,,,,,,
,,,,,,,,,,,,,,,
,,,,,,,,,,,,,,,
,,,,,,,,,,,,,,,
,,,,,,,,,,,,,,,
,,,,,,,,,,,,,,,
,,,,,,,,,,,,,,,
,,,,,,,,,,,,,,,
,,,,,,,,,,,,,,,
,,,,,,,,,,,,,,,
,,,,,,,,,,,,,,,
,,,,,,,,,,,,,,,
,,,,,,,,,,,,,,,
,,,,,,,,,,,,,,,
,,,,,,,,,,,,,,,
,,,,,,,,,,,,,,,
,,,,,,,,,,,,,,,
,,,,,,,,,,,,,,,
,,,,,,,,,,,,,,,
,,,,,,,,,,,,,,,
,,,,,,,,,,,,,,,
,,,,,,,,,,,,,,,
,,,,,,,,,,,,,,,
,,,,,,,,,,,,,,,
,,,,,,,,,,,,,,,
,,,,,,,,,,,,,,,
,,,,,,,,,,,,,,,
,,,,,,,,,,,,,,,
,,,,,,,,,,,,,,,
,,,,,,,,,,,,,,,
,,,,,,,,,,,,,,,
,,,,,,,,,,,,,,,
,,,,,,,,,,,,,,,
,,,,,,,,,,,,,,,
,,,,,,,,,,,,,,,
,,,,,,,,,,,,,,,
,,,,,,,,,,,,,,,
,,,,,,,,,,,,,,,
,,,,,,,,,,,,,,,
,,,,,,,,,,,,,,,
,,,,,,,,,,,,,,,
,,,,,,,,,,,,,,,
,,,,,,,,,,,,,,,
,,,,,,,,,,,,,,,
,,,,,,,,,,,,,,,
,,,,,,,,,,,,,,,
,,,,,,,,,,,,,,,
,,,,,,,,,,,,,,,
,,,,,,,,,,,,,,,
,,,,,,,,,,,,,,,
,,,,,,,,,,,,,,,
,,,,,,,,,,,,,,,
,,,,,,,,,,,,,,,
,,,,,,,,,,,,,,,
,,,,,,,,,,,,,,,
,,,,,,,,,,,,,,,
,,,,,,,,,,,,,,,
,,,,,,,,,,,,,,,
,,,,,,,,,,,,,,,
,,,,,,,,,,,,,,,
,,,,,,,,,,,,,,,
,,,,,,,,,,,,,,,
,,,,,,,,,,,,,,,
,,,,,,,,,,,,,,,
,,,,,,,,,,,,,,,
,,,,,,,,,,,,,,,
,,,,,,,,,,,,,,,
,,,,,,,,,,,,,,,
,,,,,,,,,,,,,,,
,,,,,,,,,,,,,,,
,,,,,,,,,,,,,,,
,,,,,,,,,,,,,,,
,,,,,,,,,,,,,,,
,,,,,,,,,,,,,,,
,,,,,,,,,,,,,,,
,,,,,,,,,,,,,,,
,,,,,,,,,,,,,,,
,,,,,,,,,,,,,,,
,,,,,,,,,,,,,,,
,,,,,,,,,,,,,,,
,,,,,,,,,,,,,,,
,,,,,,,,,,,,,,,
,,,,,,,,,,,,,,,
,,,,,,,,,,,,,,,
,,,,,,,,,,,,,,,
,,,,,,,,,,,,,,,
,,,,,,,,,,,,,,,
,,,,,,,,,,,,,,,
,,,,,,,,,,,,,,,
,,,,,,,,,,,,,,,
,,,,,,,,,,,,,,,
,,,,,,,,,,,,,,,
,,,,,,,,,,,,,,,
,,,,,,,,,,,,,,,
,,,,,,,,,,,,,,,
,,,,,,,,,,,,,,,
,,,,,,,,,,,,,,,
,,,,,,,,,,,,,,,
,,,,,,,,,,,,,,,
,,,,,,,,,,,,,,,
,,,,,,,,,,,,,,,
,,,,,,,,,,,,,,,
,,,,,,,,,,,,,,,
,,,,,,,,,,,,,,,
,,,,,,,,,,,,,,,
,,,,,,,,,,,,,,,
,,,,,,,,,,,,,,,
,,,,,,,,,,,,,,,
,,,,,,,,,,,,,,,
,,,,,,,,,,,,,,,
,,,,,,,,,,,,,,,
,,,,,,,,,,,,,,,
,,,,,,,,,,,,,,,
,,,,,,,,,,,,,,,
,,,,,,,,,,,,,,,
,,,,,,,,,,,,,,,
,,,,,,,,,,,,,,,
,,,,,,,,,,,,,,,
,,,,,,,,,,,,,,,
,,,,,,,,,,,,,,,
,,,,,,,,,,,,,,,
,,,,,,,,,,,,,,,
,,,,,,,,,,,,,,,
,,,,,,,,,,,,,,,
,,,,,,,,,,,,,,,
,,,,,,,,,,,,,,,
,,,,,,,,,,,,,,,
,,,,,,,,,,,,,,,
,,,,,,,,,,,,,,,
,,,,,,,,,,,,,,,
,,,,,,,,,,,,,,,
,,,,,,,,,,,,,,,
,,,,,,,,,,,,,,,
,,,,,,,,,,,,,,,
,,,,,,,,,,,,,,,
,,,,,,,,,,,,,,,
,,,,,,,,,,,,,,,
,,,,,,,,,,,,,,,
,,,,,,,,,,,,,,,
,,,,,,,,,,,,,,,
,,,,,,,,,,,,,,,
,,,,,,,,,,,,,,,
,,,,,,,,,,,,,,,
,,,,,,,,,,,,,,,
,,,,,,,,,,,,,,,
,,,,,,,,,,,,,,,
,,,,,,,,,,,,,,,
,,,,,,,,,,,,,,,
,,,,,,,,,,,,,,,
,,,,,,,,,,,,,,,
,,,,,,,,,,,,,,,
,,,,,,,,,,,,,,,
,,,,,,,,,,,,,,,
,,,,,,,,,,,,,,,
,,,,,,,,,,,,,,,
,,,,,,,,,,,,,,,
,,,,,,,,,,,,,,,
,,,,,,,,,,,,,,,
,,,,,,,,,,,,,,,
,,,,,,,,,,,,,,,
,,,,,,,,,,,,,,,
,,,,,,,,,,,,,,,
,,,,,,,,,,,,,,,
,,,,,,,,,,,,,,,
,,,,,,,,,,,,,,,
,,,,,,,,,,,,,,,
,,,,,,,,,,,,,,,
,,,,,,,,,,,,,,,
,,,,,,,,,,,,,,,
,,,,,,,,,,,,,,,
,,,,,,,,,,,,,,,
,,,,,,,,,,,,,,,
,,,,,,,,,,,,,,,
,,,,,,,,,,,,,,,
,,,,,,,,,,,,,,,
,,,,,,,,,,,,,,,
,,,,,,,,,,,,,,,
,,,,,,,,,,,,,,,
,,,,,,,,,,,,,,,
,,,,,,,,,,,,,,,
,,,,,,,,,,,,,,,
,,,,,,,,,,,,,,,
,,,,,,,,,,,,,,,
,,,,,,,,,,,,,,,
,,,,,,,,,,,,,,,
,,,,,,,,,,,,,,,
,,,,,,,,,,,,,,,
,,,,,,,,,,,,,,,
,,,,,,,,,,,,,,,
,,,,,,,,,,,,,,,
,,,,,,,,,,,,,,,
,,,,,,,,,,,,,,,
,,,,,,,,,,,,,,,
,,,,,,,,,,,,,,,
,,,,,,,,,,,,,,,
,,,,,,,,,,,,,,,
,,,,,,,,,,,,,,,
,,,,,,,,,,,,,,,
,,,,,,,,,,,,,,,
,,,,,,,,,,,,,,,
,,,,,,,,,,,,,,,
,,,,,,,,,,,,,,,
,,,,,,,,,,,,,,,
,,,,,,,,,,,,,,,
,,,,,,,,,,,,,,,
,,,,,,,,,,,,,,,
,,,,,,,,,,,,,,,
,,,,,,,,,,,,,,,
,,,,,,,,,,,,,,,
,,,,,,,,,,,,,,,
,,,,,,,,,,,,,,,
,,,,,,,,,,,,,,,
,,,,,,,,,,,,,,,
,,,,,,,,,,,,,,,
,,,,,,,,,,,,,,,
,,,,,,,,,,,,,,,
,,,,,,,,,,,,,,,
,,,,,,,,,,,,,,,
,,,,,,,,,,,,,,,
,,,,,,,,,,,,,,,
,,,,,,,,,,,,,,,
,,,,,,,,,,,,,,,
,,,,,,,,,,,,,,,
,,,,,,,,,,,,,,,
,,,,,,,,,,,,,,,
,,,,,,,,,,,,,,,
,,,,,,,,,,,,,,,
,,,,,,,,,,,,,,,
,,,,,,,,,,,,,,,
,,,,,,,,,,,,,,,
,,,,,,,,,,,,,,,
,,,,,,,,,,,,,,,
,,,,,,,,,,,,,,,
,,,,,,,,,,,,,,,
,,,,,,,,,,,,,,,
,,,,,,,,,,,,,,,
,,,,,,,,,,,,,,,
,,,,,,,,,,,,,,,
,,,,,,,,,,,,,,,
,,,,,,,,,,,,,,,
,,,,,,,,,,,,,,,
,,,,,,,,,,,,,,,
,,,,,,,,,,,,,,,
,,,,,,,,,,,,,,,
,,,,,,,,,,,,,,,
,,,,,,,,,,,,,,,
,,,,,,,,,,,,,,,
,,,,,,,,,,,,,,,
,,,,,,,,,,,,,,,
,,,,,,,,,,,,,,,
,,,,,,,,,,,,,,,
,,,,,,,,,,,,,,,
,,,,,,,,,,,,,,,
,,,,,,,,,,,,,,,
,,,,,,,,,,,,,,,
,,,,,,,,,,,,,,,
,,,,,,,,,,,,,,,
,,,,,,,,,,,,,,,
,,,,,,,,,,,,,,,
,,,,,,,,,,,,,,,
,,,,,,,,,,,,,,,
,,,,,,,,,,,,,,,
,,,,,,,,,,,,,,,
,,,,,,,,,,,,,,,
,,,,,,,,,,,,,,,
,,,,,,,,,,,,,,,
,,,,,,,,,,,,,,,
,,,,,,,,,,,,,,,
,,,,,,,,,,,,,,,
,,,,,,,,,,,,,,,
,,,,,,,,,,,,,,,
,,,,,,,,,,,,,,,
,,,,,,,,,,,,,,,
,,,,,,,,,,,,,,,
,,,,,,,,,,,,,,,
,,,,,,,,,,,,,,,
,,,,,,,,,,,,,,,
,,,,,,,,,,,,,,,
,,,,,,,,,,,,,,,
,,,,,,,,,,,,,,,
,,,,,,,,,,,,,,,
,,,,,,,,,,,,,,,
,,,,,,,,,,,,,,,
,,,,,,,,,,,,,,,
,,,,,,,,,,,,,,,
,,,,,,,,,,,,,,,
,,,,,,,,,,,,,,,
,,,,,,,,,,,,,,,
,,,,,,,,,,,,,,,
,,,,,,,,,,,,,,,
,,,,,,,,,,,,,,,
,,,,,,,,,,,,,,,
,,,,,,,,,,,,,,,
,,,,,,,,,,,,,,,
,,,,,,,,,,,,,,,
,,,,,,,,,,,,,,,
,,,,,,,,,,,,,,,
,,,,,,,,,,,,,,,
,,,,,,,,,,,,,,,
,,,,,,,,,,,,,,,
,,,,,,,,,,,,,,,
,,,,,,,,,,,,,,,
,,,,,,,,,,,,,,,
,,,,,,,,,,,,,,,
,,,,,,,,,,,,,,,
,,,,,,,,,,,,,,,
,,,,,,,,,,,,,,,
,,,,,,,,,,,,,,,
,,,,,,,,,,,,,,,
,,,,,,,,,,,,,,,
,,,,,,,,,,,,,,,
,,,,,,,,,,,,,,,
,,,,,,,,,,,,,,,
,,,,,,,,,,,,,,,
,,,,,,,,,,,,,,,
,,,,,,,,,,,,,,,
,,,,,,,,,,,,,,,
,,,,,,,,,,,,,,,
,,,,,,,,,,,,,,,
,,,,,,,,,,,,,,,
,,,,,,,,,,,,,,,
,,,,,,,,,,,,,,,
,,,,,,,,,,,,,,,
,,,,,,,,,,,,,,,
,,,,,,,,,,,,,,,
,,,,,,,,,,,,,,,
,,,,,,,,,,,,,,,
,,,,,,,,,,,,,,,
,,,,,,,,,,,,,,,
,,,,,,,,,,,,,,,
,,,,,,,,,,,,,,,
,,,,,,,,,,,,,,,
,,,,,,,,,,,,,,,
,,,,,,,,,,,,,,,
,,,,,,,,,,,,,,,
,,,,,,,,,,,,,,,
,,,,,,,,,,,,,,,
,,,,,,,,,,,,,,,
,,,,,,,,,,,,,,,
,,,,,,,,,,,,,,,
,,,,,,,,,,,,,,,
,,,,,,,,,,,,,,,
,,,,,,,,,,,,,,,
,,,,,,,,,,,,,,,
,,,,,,,,,,,,,,,
,,,,,,,,,,,,,,,
,,,,,,,,,,,,,,,
,,,,,,,,,,,,,,,
,,,,,,,,,,,,,,,
,,,,,,,,,,,,,,,
,,,,,,,,,,,,,,,
,,,,,,,,,,,,,,,
,,,,,,,,,,,,,,,
,,,,,,,,,,,,,,,
,,,,,,,,,,,,,,,
,,,,,,,,,,,,,,,
,,,,,,,,,,,,,,,
,,,,,,,,,,,,,,,
,,,,,,,,,,,,,,,
,,,,,,,,,,,,,,,
,,,,,,,,,,,,,,,
,,,,,,,,,,,,,,,
,,,,,,,,,,,,,,,
,,,,,,,,,,,,,,,
,,,,,,,,,,,,,,,
,,,,,,,,,,,,,,,
,,,,,,,,,,,,,,,
,,,,,,,,,,,,,,,
,,,,,,,,,,,,,,,
,,,,,,,,,,,,,,,
,,,,,,,,,,,,,,,
,,,,,,,,,,,,,,,
,,,,,,,,,,,,,,,
,,,,,,,,,,,,,,,
,,,,,,,,,,,,,,,
,,,,,,,,,,,,,,,
,,,,,,,,,,,,,,,
,,,,,,,,,,,,,,,
,,,,,,,,,,,,,,,
,,,,,,,,,,,,,,,
,,,,,,,,,,,,,,,
,,,,,,,,,,,,,,,
,,,,,,,,,,,,,,,
,,,,,,,,,,,,,,,
,,,,,,,,,,,,,,,
,,,,,,,,,,,,,,,
,,,,,,,,,,,,,,,
,,,,,,,,,,,,,,,
,,,,,,,,,,,,,,,
,,,,,,,,,,,,,,,
,,,,,,,,,,,,,,,
,,,,,,,,,,,,,,,
,,,,,,,,,,,,,,,
,,,,,,,,,,,,,,,
,,,,,,,,,,,,,,,
,,,,,,,,,,,,,,,
,,,,,,,,,,,,,,,
,,,,,,,,,,,,,,,
,,,,,,,,,,,,,,,
,,,,,,,,,,,,,,,
,,,,,,,,,,,,,,,
,,,,,,,,,,,,,,,
,,,,,,,,,,,,,,,
,,,,,,,,,,,,,,,
,,,,,,,,,,,,,,,
,,,,,,,,,,,,,,,
,,,,,,,,,,,,,,,
,,,,,,,,,,,,,,,
,,,,,,,,,,,,,,,
,,,,,,,,,,,,,,,
,,,,,,,,,,,,,,,
,,,,,,,,,,,,,,,
,,,,,,,,,,,,,,,
,,,,,,,,,,,,,,,
,,,,,,,,,,,,,,,
,,,,,,,,,,,,,,,
,,,,,,,,,,,,,,,
,,,,,,,,,,,,,,,
,,,,,,,,,,,,,,,
,,,,,,,,,,,,,,,
,,,,,,,,,,,,,,,
,,,,,,,,,,,,,,,
,,,,,,,,,,,,,,,
,,,,,,,,,,,,,,,
,,,,,,,,,,,,,,,
,,,,,,,,,,,,,,,
,,,,,,,,,,,,,,,
,,,,,,,,,,,,,,,
,,,,,,,,,,,,,,,
,,,,,,,,,,,,,,,
,,,,,,,,,,,,,,,
,,,,,,,,,,,,,,,
,,,,,,,,,,,,,,,
,,,,,,,,,,,,,,,
,,,,,,,,,,,,,,,
,,,,,,,,,,,,,,,
,,,,,,,,,,,,,,,
,,,,,,,,,,,,,,,
,,,,,,,,,,,,,,,
,,,,,,,,,,,,,,,
,,,,,,,,,,,,,,,
,,,,,,,,,,,,,,,
,,,,,,,,,,,,,,,
,,,,,,,,,,,,,,,
,,,,,,,,,,,,,,,
,,,,,,,,,,,,,,,
,,,,,,,,,,,,,,,
,,,,,,,,,,,,,,,
,,,,,,,,,,,,,,,
,,,,,,,,,,,,,,,
,,,,,,,,,,,,,,,
,,,,,,,,,,,,,,,
,,,,,,,,,,,,,,,
,,,,,,,,,,,,,,,
,,,,,,,,,,,,,,,
,,,,,,,,,,,,,,,
,,,,,,,,,,,,,,,
,,,,,,,,,,,,,,,
,,,,,,,,,,,,,,,
,,,,,,,,,,,,,,,
,,,,,,,,,,,,,,,
,,,,,,,,,,,,,,,
,,,,,,,,,,,,,,,
,,,,,,,,,,,,,,,
,,,,,,,,,,,,,,,
,,,,,,,,,,,,,,,
,,,,,,,,,,,,,,,
,,,,,,,,,,,,,,,
,,,,,,,,,,,,,,,
,,,,,,,,,,,,,,,
,,,,,,,,,,,,,,,
,,,,,,,,,,,,,,,
,,,,,,,,,,,,,,,
,,,,,,,,,,,,,,,
,,,,,,,,,,,,,,,
,,,,,,,,,,,,,,,
,,,,,,,,,,,,,,,
,,,,,,,,,,,,,,,
,,,,,,,,,,,,,,,
,,,,,,,,,,,,,,,
,,,,,,,,,,,,,,,
,,,,,,,,,,,,,,,
,,,,,,,,,,,,,,,
,,,,,,,,,,,,,,,
,,,,,,,,,,,,,,,
,,,,,,,,,,,,,,,
,,,,,,,,,,,,,,,
,,,,,,,,,,,,,,,
,,,,,,,,,,,,,,,
,,,,,,,,,,,,,,,
,,,,,,,,,,,,,,,
,,,,,,,,,,,,,,,
,,,,,,,,,,,,,,,
,,,,,,,,,,,,,,,
,,,,,,,,,,,,,,,
,,,,,,,,,,,,,,,
,,,,,,,,,,,,,,,
,,,,,,,,,,,,,,,
,,,,,,,,,,,,,,,
,,,,,,,,,,,,,,,
,,,,,,,,,,,,,,,
,,,,,,,,,,,,,,,
,,,,,,,,,,,,,,,
,,,,,,,,,,,,,,,
,,,,,,,,,,,,,,,
,,,,,,,,,,,,,,,
,,,,,,,,,,,,,,,
,,,,,,,,,,,,,,,
,,,,,,,,,,,,,,,
,,,,,,,,,,,,,,,
,,,,,,,,,,,,,,,
,,,,,,,,,,,,,,,
,,,,,,,,,,,,,,,
,,,,,,,,,,,,,,,
,,,,,,,,,,,,,,,
,,,,,,,,,,,,,,,
,,,,,,,,,,,,,,,
,,,,,,,,,,,,,,,
,,,,,,,,,,,,,,,
,,,,,,,,,,,,,,,
,,,,,,,,,,,,,,,
,,,,,,,,,,,,,,,
,,,,,,,,,,,,,,,
,,,,,,,,,,,,,,,
,,,,,,,,,,,,,,,
,,,,,,,,,,,,,,,
,,,,,,,,,,,,,,,
,,,,,,,,,,,,,,,
,,,,,,,,,,,,,,,
,,,,,,,,,,,,,,,
,,,,,,,,,,,,,,,
,,,,,,,,,,,,,,,
,,,,,,,,,,,,,,,
,,,,,,,,,,,,,,,
,,,,,,,,,,,,,,,
,,,,,,,,,,,,,,,
,,,,,,,,,,,,,,,
,,,,,,,,,,,,,,,
,,,,,,,,,,,,,,,
,,,,,,,,,,,,,,,
,,,,,,,,,,,,,,,
,,,,,,,,,,,,,,,
,,,,,,,,,,,,,,,
,,,,,,,,,,,,,,,
,,,,,,,,,,,,,,,
,,,,,,,,,,,,,,,
,,,,,,,,,,,,,,,
,,,,,,,,,,,,,,,
,,,,,,,,,,,,,,,
,,,,,,,,,,,,,,,
,,,,,,,,,,,,,,,
,,,,,,,,,,,,,,,
,,,,,,,,,,,,,,,
,,,,,,,,,,,,,,,
,,,,,,,,,,,,,,,
,,,,,,,,,,,,,,,
,,,,,,,,,,,,,,,
,,,,,,,,,,,,,,,
,,,,,,,,,,,,,,,
,,,,,,,,,,,,,,,
,,,,,,,,,,,,,,,
,,,,,,,,,,,,,,,
,,,,,,,,,,,,,,,
,,,,,,,,,,,,,,,
,,,,,,,,,,,,,,,
,,,,,,,,,,,,,,,
,,,,,,,,,,,,,,,
,,,,,,,,,,,,,,,
,,,,,,,,,,,,,,,
,,,,,,,,,,,,,,,
,,,,,,,,,,,,,,,
,,,,,,,,,,,,,,,
,,,,,,,,,,,,,,,
,,,,,,,,,,,,,,,
,,,,,,,,,,,,,,,
,,,,,,,,,,,,,,,
,,,,,,,,,,,,,,,
,,,,,,,,,,,,,,,
,,,,,,,,,,,,,,,
,,,,,,,,,,,,,,,
,,,,,,,,,,,,,,,
,,,,,,,,,,,,,,,
,,,,,,,,,,,,,,,
,,,,,,,,,,,,,,,
,,,,,,,,,,,,,,,
,,,,,,,,,,,,,,,
,,,,,,,,,,,,,,,
,,,,,,,,,,,,,,,
,,,,,,,,,,,,,,,
,,,,,,,,,,,,,,,
,,,,,,,,,,,,,,,
,,,,,,,,,,,,,,,
,,,,,,,,,,,,,,,
,,,,,,,,,,,,,,,
,,,,,,,,,,,,,,,
,,,,,,,,,,,,,,,
,,,,,,,,,,,,,,,
,,,,,,,,,,,,,,,
,,,,,,,,,,,,,,,
,,,,,,,,,,,,,,,
,,,,,,,,,,,,,,,
,,,,,,,,,,,,,,,
,,,,,,,,,,,,,,,
,,,,,,,,,,,,,,,
,,,,,,,,,,,,,,,
,,,,,,,,,,,,,,,
,,,,,,,,,,,,,,,
,,,,,,,,,,,,,,,
,,,,,,,,,,,,,,,
,,,,,,,,,,,,,,,
,,,,,,,,,,,,,,,
,,,,,,,,,,,,,,,
,,,,,,,,,,,,,,,
,,,,,,,,,,,,,,,
,,,,,,,,,,,,,,,
,,,,,,,,,,,,,,,
,,,,,,,,,,,,,,,
,,,,,,,,,,,,,,,
,,,,,,,,,,,,,,,
,,,,,,,,,,,,,,,
,,,,,,,,,,,,,,,
,,,,,,,,,,,,,,,
,,,,,,,,,,,,,,,
,,,,,,,,,,,,,,,
,,,,,,,,,,,,,,,
,,,,,,,,,,,,,,,
,,,,,,,,,,,,,,,
,,,,,,,,,,,,,,,
,,,,,,,,,,,,,,,
,,,,,,,,,,,,,,,
,,,,,,,,,,,,,,,
,,,,,,,,,,,,,,,
,,,,,,,,,,,,,,,
,,,,,,,,,,,,,,,
,,,,,,,,,,,,,,,
,,,,,,,,,,,,,,,
,,,,,,,,,,,,,,,
,,,,,,,,,,,,,,,
,,,,,,,,,,,,,,,
,,,,,,,,,,,,,,,
,,,,,,,,,,,,,,,
,,,,,,,,,,,,,,,
,,,,,,,,,,,,,,,
,,,,,,,,,,,,,,,
,,,,,,,,,,,,,,,
,,,,,,,,,,,,,,,
,,,,,,,,,,,,,,,
,,,,,,,,,,,,,,,
,,,,,,,,,,,,,,,
,,,,,,,,,,,,,,,
,,,,,,,,,,,,,,,
,,,,,,,,,,,,,,,
,,,,,,,,,,,,,,,
,,,,,,,,,,,,,,,
,,,,,,,,,,,,,,,
,,,,,,,,,,,,,,,
,,,,,,,,,,,,,,,
,,,,,,,,,,,,,,,
,,,,,,,,,,,,,,,
,,,,,,,,,,,,,,,
,,,,,,,,,,,,,,,
,,,,,,,,,,,,,,,
,,,,,,,,,,,,,,,
,,,,,,,,,,,,,,,
,,,,,,,,,,,,,,,
,,,,,,,,,,,,,,,
,,,,,,,,,,,,,,,
,,,,,,,,,,,,,,,
,,,,,,,,,,,,,,,
,,,,,,,,,,,,,,,
,,,,,,,,,,,,,,,
,,,,,,,,,,,,,,,
,,,,,,,,,,,,,,,
,,,,,,,,,,,,,,,
,,,,,,,,,,,,,,,
,,,,,,,,,,,,,,,
,,,,,,,,,,,,,,,
,,,,,,,,,,,,,,,
,,,,,,,,,,,,,,,
,,,,,,,,,,,,,,,
,,,,,,,,,,,,,,,
,,,,,,,,,,,,,,,
,,,,,,,,,,,,,,,
,,,,,,,,,,,,,,,
,,,,,,,,,,,,,,,
,,,,,,,,,,,,,,,
,,,,,,,,,,,,,,,
,,,,,,,,,,,,,,,
,,,,,,,,,,,,,,,
,,,,,,,,,,,,,,,
,,,,,,,,,,,,,,,
,,,,,,,,,,,,,,,
,,,,,,,,,,,,,,,
,,,,,,,,,,,,,,,
,,,,,,,,,,,,,,,
,,,,,,,,,,,,,,,
,,,,,,,,,,,,,,,
,,,,,,,,,,,,,,,
,,,,,,,,,,,,,,,
,,,,,,,,,,,,,,,
,,,,,,,,,,,,,,,
,,,,,,,,,,,,,,,
,,,,,,,,,,,,,,,
,,,,,,,,,,,,,,,
,,,,,,,,,,,,,,,
,,,,,,,,,,,,,,,
,,,,,,,,,,,,,,,
,,,,,,,,,,,,,,,
,,,,,,,,,,,,,,,
,,,,,,,,,,,,,,,
,,,,,,,,,,,,,,,
,,,,,,,,,,,,,,,
,,,,,,,,,,,,,,,
,,,,,,,,,,,,,,,
,,,,,,,,,,,,,,,
,,,,,,,,,,,,,,,
,,,,,,,,,,,,,,,
,,,,,,,,,,,,,,,
,,,,,,,,,,,,,,,
,,,,,,,,,,,,,,,
,,,,,,,,,,,,,,,
,,,,,,,,,,,,,,,
,,,,,,,,,,,,,,,
,,,,,,,,,,,,,,,
,,,,,,,,,,,,,,,
,,,,,,,,,,,,,,,
,,,,,,,,,,,,,,,
,,,,,,,,,,,,,,,
,,,,,,,,,,,,,,,
,,,,,,,,,,,,,,,
,,,,,,,,,,,,,,,
,,,,,,,,,,,,,,,
,,,,,,,,,,,,,,,
,,,,,,,,,,,,,,,
,,,,,,,,,,,,,,,
,,,0,,,,,,,,,,,,
,,,,,,,,,,,,,,,
,,,,,,,,,,,,,,,
,,,,,,,,,,,,,,,
,,,,,,,,,,,,,,,
,,,,,,,,,,,,,,,
,,,,,,,,,,,,,,,
,,,,,,,,,,,,,,,
,,,,,,,,,,,,,,,
,,,,,,,,,,,,,,,
,,,,,,,,,,,,,,,
,,,,,,,,,,,,,,,
,,,,,,,,,,,,,,,
,,,,,,,,,,,,,,,
,,,,,,,,,,,,,,,
,,,,,,,,,,,,,,,
,,,,,,,,,,,,,,,
,,,,,,,,,,,,,,,
,,,,,,,,,,,,,,,
,,,,,,,,,,,,,,,
,,,,,,,,,,,,,,,
,,,,,,,,,,,,,,,
,,,,,,,,,,,,,,,
,,,,,,,,,,,,,,,
,,,,,,,,,,,,,,,
,,,,,,,,,,,,,,,
,,,,,,,,,,,,,,,
,,,,,,,,,,,,,,,
,,,,,,,,,,,,,,,
,,,,,,,,,,,,,,,
,,,,,,,,,,,,,,,
,,,,,,,,,,,,,,,
,,,,,,,,,,,,,,,
,,,,,,,,,,,,,,,
,,,,,,,,,,,,,,,
,,,,,,,,,,,,,,,
,,,,,,,,,,,,,,,
,,,,,,,,,,,,,,,
,,,,,,,,,,,,,,,
,,,,,,,,,,,,,,,
,,,,,,,,,,,,,,,
,,,,,,,,,,,,,,,
,,,,,,,,,,,,,,,
,,,,,,,,,,,,,,,
,,,,,,,,,,,,,,,
,,,,,,,,,,,,,,,
,,,,,,,,,,,,,,,
,,,,,,,,,,,,,,,
,,,,,,,,,,,,,,,
,,,,,,,,,,,,,,,
,,,,,,,,,,,,,,,
,,,,,,,,,,,,,,,
,,,,,,,,,,,,,,,
,,,,,,,,,,,,,,,
,,,,,,,,,,,,,,,
,,,,,,,,,,,,,,,
,,,,,,,,,,,,,,,
,,,,,,,,,,,,,,,
,,,,,,,,,,,,,,,
,,,,,,,,,,,,,,,
,,,,,,,,,,,,,,,
,,,,,,,,,,,,,,,
,,,,,,,,,,,,,,,
,,,,,,,,,,,,,,,
,,,,,,,,,,,,,,,
,,,,,,,,,,,,,,,
,,,,,,,,,,,,,,,
,,,,,,,,,,,,,,,
,,,,,,,,,,,,,,,
,,,,,,,,,,,,,,,
,,,,,,,,,,,,,,,
,,,,,,,,,,,,,,,
,,,,,,,,,,,,,,,
,,,,,,,,,,,,,,,
,,,,,,,,,,,,,,,
,,,,,,,,,,,,,,,
,,,,,,,,,,,,,,,
,,,,,,,,,,,,,,,
,,,,,,,,,,,,,,,
,,,,,,,,,,,,,,,
,,,,,,,,,,,,,,,
,,,,,,,,,,,,,,,
,,,,,,,,,,,,,,,
,,,,,,,,,,,,,,,
,,,,,,,,,,,,,,,
,,,,,,,,,,,,,,,
,,,,,,,,,,,,,,,
,,,,,,,,,,,,,,,
,,,,,,,,,,,,,,,
,,,,,,,,,,,,,,,
,,,,,,,,,,,,,,,
,,,,,,,,,,,,,,,
,,,,,,,,,,,,,,,
,,,,,,,,,,,,,,,
,,,,,,,,,,,,,,,
,,,,,,,,,,,,,,,
,,,,,,,,,,,,,,,
,,,,,,,,,,,,,,,
,,,,,,,,,,,,,,,
,,,,,,,,,,,,,,,
,,,,,,,,,,,,,,,
,,,,,,,,,,,,,,,
,,,,,,,,,,,,,,,
,,,,,,,,,,,,,,,
,,,,,,,,,,,,,,,
,,,,,,,,,,,,,,,
,,,,,,,,,,,,,,,
,,,,,,,,,,,,,,,
,,,,,,,,,,,,,,,
,,,,,,,,,,,,,,,
,,,,,,,,,,,,,,,
,,,,,,,,,,,,,,,
,,,,,,,,,,,,,,,
,,,,,,,,,,,,,,,
,,,,,,,,,,,,,,,
,,,,,,,,,,,,,,,
,,,,,,,,,,,,,,,
,,,,,,,,,,,,,,,
,,,,,,,,,,,,,,,
,,,,,,,,,,,,,,,
,,,,,,,,,,,,,,,
,,,,,,,,,,,,,,,
,,,,,,,,,,,,,,,
,,,,,,,,,,,,,,,
,,,,,,,,,,,,,,,
,,,,,,,,,,,,,,,
,,,,,,,,,,,,,,,
,,,,,,,,,,,,,,,
,,,,,,,,,,,,,,,
,,,,,,,,,,,,,,,
,,,,,,,,,,,,,,,
,,,,,,,,,,,,,,,
,,,,,,,,,,,,,,,
,,,,,,,,,,,,,,,
,,,,,,,,,,,,,,,
,,,,,,,,,,,,,,,
,,,,,,,,,,,,,,,
,,,,,,,,,,,,,,,
,,,,,,,,,,,,,,,
,,,,,,,,,,,,,,,
,,,,,,,,,,,,,,,
,,,,,,,,,,,,,,,
,,,,,,,,,,,,,,,
,,,,,,,,,,,,,,,
,,,,,,,,,,,,,,,
,,,,,,,,,,,,,,,
,,,,,,,,,,,,,,,
,,,,,,,,,,,,,,,
,,,,,,,,,,,,,,,
,,,,,,,,,,,,,,,
,,,,,,,,,,,,,,,
,,,,,,,,,,,,,,,
,,,,,,,,,,,,,,,
,,,,,,,,,,,,,,,
,,,,,,,,,,,,,,,
,,,,,,,,,,,,,,,
,,,,,,,,,,,,,,,
,,,,,,,,,,,,,,,
,,,,,,,,,,,,,,,
,,,,,,,,,,,,,,,
,,,,,,,,,,,,,,,
,,,,,,,,,,,,,,,
,,,,,,,,,,,,,,,
,,,,,,,,,,,,,,,
,,,,,,,,,,,,,,,
,,,,,,,,,,,,,,,
,,,,,,,,,,,,,,,
,,,,,,,,,,,,,,,
,,,,,,,,,,,,,,,
,,,,,,,,,,,,,,,
,,,,,,,,,,,,,,,
,,,,,,,,,,,,,,,
,,,,,,,,,,,,,,,
,,,,,,,,,,,,,,,
,,,,,,,,,,,,,,,
,,,,,,,,,,,,,,,
,,,,,,,,,,,,,,,
,,,,,,,,,,,,,,,
,,,,,,,,,,,,,,,
,,,,,,,,,,,,,,,
,,,,,,,,,,,,,,,
,,,,,,,,,,,,,,,
,,,,,,,,,,,,,,,
,,,,,,,,,,,,,,,
,,,,,,,,,,,,,,,
,,,,,,,,,,,,,,,
,,,,,,,,,,,,,,,
,,,,,,,,,,,,,,,
,,,,,,,,,,,,,,,
,,,,,,,,,,,,,,,
,,,,,,,,,,,,,,,
,,,,,,,,,,,,,,,
,,,,,,,,,,,,,,,
,,,,,,,,,,,,,,,
,,,,,,,,,,,,,,,
,,,,,,,,,,,,,,,
,,,,,,,,,,,,,,,
,,,,,,,,,,,,,,,
,,,,,,,,,,,,,,,
,,,,,,,,,,,,,,,
,,,,,,,,,,,,,,,
,,,,,,,,,,,,,,,
,,,,,,,,,,,,,,,
,,,,,,,,,,,,,,,
,,,,,,,,,,,,,,,
,,,,,,,,,,,,,,,
,,,,,,,,,,,,,,,
,,,,,,,,,,,,,,,
,,,,,,,,,,,,,,,
,,,,,,,,,,,,,,,
,,,,,,,,,,,,,,,
,,,,,,,,,,,,,,,
,,,,,,,,,,,,,,,
,,,,,,,,,,,,,,,
,,,,,,,,,,,,,,,
,,,,,,,,,,,,,,,
,,,,,,,,,,,,,,,
,,,,,,,,,,,,,,,
,,,,,,,,,,,,,,,
,,,,,,,,,,,,,,,
,,,,,,,,,,,,,,,
,,,,,,,,,,,,,,,
,,,,,,,,,,,,,,,
,,,,,,,,,,,,,,,
,,,,,,,,,,,,,,,
,,,,,,,,,,,,,,,
,,,,,,,,,,,,,,,
,,,,,,,,,,,,,,,
,,,,,,,,,,,,,,,
,,,,,,,,,,,,,,,
,,,,,,,,,,,,,,,
,,,,,,,,,,,,,,,
,,,,,,,,,,,,,,,
,,,,,,,,,,,,,,,
,,,,,,,,,,,,,,,
,,,,,,,,,,,,,,,
,,,,,,,,,,,,,,,
,,,,,,,,,,,,,,,
,,,,,,,,,,,,,,,
,,,,,,,,,,,,,,,
,,,,,,,,,,,,,,,
,,,,,,,,,,,,,,,
,,,,,,,,,,,,,,,
,,,,,,,,,,,,,,,
,,,,,,,,,,,,,,,
,,,,,,,,,,,,,,,
,,,,,,,,,,,,,,,
,,,,,,,,,,,,,,,
,,,,,,,,,,,,,,,
,,,,,,,,,,,,,,,
,,,,,,,,,,,,,,,
,,,,,,,,,,,,,,,
,,,,,,,,,,,,,,,
,,,,,,,,,,,,,,,
,,,,,,,,,,,,,,,
,,,,,,,,,,,,,,,
,,,,,,,,,,,,,,,
,,,,,,,,,,,,,,,
,,,,,,,,,,,,,,,
,,,,,,,,,,,,,,,
,,,,,,,,,,,,,,,
,,,,,,,,,,,,,,,
,,,,,,,,,,,,,,,
,,,,,,,,,,,,,,,
,,,,,,,,,,,,,,,
,,,,,,,,,,,,,,,
,,,,,,,,,,,,,,,
,,,,,,,,,,,,,,,
,,,,,,,,,,,,,,,
,,,,,,,,,,,,,,,
,,,,,,,,,,,,,,,
,,,,,,,,,,,,,,,
,,,,,,,,,,,,,,,
,,,,,,,,,,,,,,,
,,,,,,,,,,,,,,,
,,,,,,,,,,,,,,,
,,,,,,,,,,,,,,,
,,,,,,,,,,,,,,,
,,,,,,,,,,,,,,,
,,,,,,,,,,,,,,,
,,,,,,,,,,,,,,,
,,,,,,,,,,,,,,,
,,,,,,,,,,,,,,,
,,,,,,,,,,,,,,,
,,,,,,,,,,,,,,,
,,,,,,,,,,,,,,,
,,,,,,,,,,,,,,,
,,,,,,,,,,,,,,,
,,,,,,,,,,,,,,,
,,,,,,,,,,,,,,,
,,,,,,,,,,,,,,,
,,,,,,,,,,,,,,,
,,,,,,,,,,,,,,,
,,,,,,,,,,,,,,,
,,,,,,,,,,,,,,,
,,,,,,,,,,,,,,,
,,,,,,,,,,,,,,,
,,,,,,,,,,,,,,,
,,,,,,,,,,,,,,,
,,,,,,,,,,,,,,,
,,,,,,,,,,,,,,,
,,,,,,,,,,,,,,,
,,,,,,,,,,,,,,,
,,,,,,,,,,,,,,,
,,,,,,,,,,,,,,,
,,,,,,,,,,,,,,,
,,,,,,,,,,,,,,,
,,,,,,,,,,,,,,,
,,,,,,,,,,,,,,,
,,,,,,,,,,,,,,,
,,,,,,,,,,,,,,,
,,,,,,,,,,,,,,,
,,,,,,,,,,,,,,,
,,,,,,,,,,,,,,,
,,,,,,,,,,,,,,,
,,,,,,,,,,,,,,,
,,,,,,,,,,,,,,,
,,,,,,,,,,,,,,,
,,,,,,,,,,,,,,,
,,,,,,,,,,,,,,,
,,,,,,,,,,,,,,,
,,,,,,,,,,,,,,,
,,,,,,,,,,,,,,,
,,,,,,,,,,,,,,,
,,,,,,,,,,,,,,,
,,,,,,,,,,,,,,,
,,,,,,,,,,,,,,,
,,,,,,,,,,,,,,,
,,,,,,,,,,,,,,,
,,,,,,,,,,,,,,,
,,,,,,,,,,,,,,,
,,,,,,,,,,,,,,,
,,,,,,,,,,,,,,,
,,,,,,,,,,,,,,,
,,,,,,,,,,,,,,,
,,,,,,,,,,,,,,,
,,,,,,,,,,,,,,,
,,,,,,,,,,,,,,,
,,,,,,,,,,,,,,,
,,,,,,,,,,,,,,,
,,,,,,,,,,,,,,,
,,,,,,,,,,,,,,,
,,,,,,,,,,,,,,,
,,,,,,,,,,,,,,,
,,,,,,,,,,,,,,,
,,,,,,,,,,,,,,,
,,,,,,,,,,,,,,,
,,,,,,,,,,,,,,,
,,,,,,,,,,,,,,,
,,,,,,,,,,,,,,,
,,,,,,,,,,,,,,,
,,,,,,,,,,,,,,,
,,,,,,,,,,,,,,,
,,,,,,,,,,,,,,,
,,,,,,,,,,,,,,,
,,,,,,,,,,,,,,,
,,,,,,,,,,,,,,,
,,,,,,,,,,,,,,,
,,,,,,,,,,,,,,,
,,,,,,,,,,,,,,,
,,,,,,,,,,,,,,,
,,,,,,,,,,,,,,,
,,,,,,,,,,,,,,,
,,,,,,,,,,,,,,,
,,,,,,,,,,,,,,,
,,,,,,,,,,,,,,,
,,,,,,,,,,,,,,,
,,,,,,,,,,,,,,,
,,,,,,,,,,,,,,,
,,,,,,,,,,,,,,,
,,,,,,,,,,,,,,,
,,,,,,,,,,,,,,,
,,,,,,,,,,,,,,,
,,,,,,,,,,,,,,,
,,,,,,,,,,,,,,,
,,,,,,,,,,,,,,,
,,,,,,,,,,,,,,,
,,,,,,,,,,,,,,,
,,,,,,,,,,,,,,,
,,,,,,,,,,,,,,,
,,,,,,,,,,,,,,,
,,,,,,,,,,,,,,,
,,,,,,,,,,,,,,,
,,,,,,,,,,,,,,,
,,,,,,,,,,,,,,,
,,,,,,,,,,,,,,,
,,,,,,,,,,,,,,,
,,,,,,,,,,,,,,,
,,,,,,,,,,,,,,,
,,,,,,,,,,,,,,,
,,,,,,,,,,,,,,,
,,,,,,,,,,,,,,,
,,,,,,,,,,,,,,,
,,,,,,,,,,,,,,,
,,,,,,,,,,,,,,,
,,,,,,,,,,,,,,,
,,,,,,,,,,,,,,,
,,,,,,,,,,,,,,,
,,,,,,,,,,,,,,,
,,,,,,,,,,,,,,,
,,,,,,,,,,,,,,,
,,,,,,,,,,,,,,,
,,,,,,,,,,,,,,,
,,,,,,,,,,,,,,,
,,,,,,,,,,,,,,,
,,,,,,,,,,,,,,,
,,,,,,,,,,,,,,,
,,,,,,,,,,,,,,,
,,,,,,,,,,,,,,,
,,,,,,,,,,,,,,,
,,,,,,,,,,,,,,,
,,,,,,,,,,,,,,,
,,,,,,,,,,,,,,,
,,,,,,,,,,,,,,,
,,,,,,,,,,,,,,,
,,,,,,,,,,,,,,,
,,,,,,,,,,,,,,,
,,,,,,,,,,,,,,,
,,,,,,,,,,,,,,,
,,,,,,,,,,,,,,,
,,,,,,,,,,,,,,,
,,,,,,,,,,,,,,,
,,,,,,,,,,,,,,,
,,,,,,,,,,,,,,,
,,,,,,,,,,,,,,,
,,,,,,,,,,,,,,,
,,,,,,,,,,,,,,,
,,,,,,,,,,,,,,,
,,,,,,,,,,,,,,,
,,,,,,,,,,,,,,,
,,,,,,,,,,,,,,,
,,,,,,,,,,,,,,,
,,,,,,,,,,,,,,,
,,,,,,,,,,,,,,,
,,,,,,,,,,,,,,,
,,,,,,,,,,,,,,,
,,,,,,,,,,,,,,,
,,,,,,,,,,,,,,,
,,,,,,,,,,,,,,,
,,,,,,,,,,,,,,,
,,,,,,,,,,,,,,,
,,,,,,,,,,,,,,,
,,,,,,,,,,,,,,,
,,,,,,,,,,,,,,,
,,,,,,,,,,,,,,,
,,,,,,,,,,,,,,,
,,,,,,,,,,,,,,,
,,,,,,,,,,,,,,,
,,,,,,,,,,,,,,,
,,,,,,,,,,,,,,,
,,,,,,,,,,,,,,,
,,,,,,,,,,,,,,,
,,,,,,,,,,,,,,,
,,,,,,,,,,,,,,,
,,,,,,,,,,,,,,,
,,,,,,,,,,,,,,,
,,,,,,,,,,,,,,,
,,,,,,,,,,,,,,,
,,,,,,,,,,,,,,,
,,,,,,,,,,,,,,,
,,,,,,,,,,,,,,,
,,,,,,,,,,,,,,,
,,,,,,,,,,,,,,,
,,,,,,,,,,,,,,,
,,,,,,,,,,,,,,,
,,,,,,,,,,,,,,,
,,,,,,,,,,,,,,,
,,,,,,,,,,,,,,,
,,,,,,,,,,,,,,,
,,,,,,,,,,,,,,,
,,,,,,,,,,,,,,,
,,,,,,,,,,,,,,,
,,,,,,,,,,,,,,,
,,,,,,,,,,,,,,,
,,,,,,,,,,,,,,,
,,,,,,,,,,,,,,,
,,,,,,,,,,,,,,,
,,,,,,,,,,,,,,,
,,,,,,,,,,,,,,,
,,,,,,,,,,,,,,,
,,,,,,,,,,,,,,,
,,,,,,,,,,,,,,,
,,,,,,,,,,,,,,,
,,,,,,,,,,,,,,,
,,,,,,,,,,,,,,,
,,,,,,,,,,,,,,,
,,,,,,,,,,,,,,,
,,,,,,,,,,,,,,,
,,,,,,,,,,,,,,,
,,,,,,,,,,,,,,,
,,,,,,,,,,,,,,,
,,,,,,,,,,,,,,,
,,,,,,,,,,,,,,,
,,,,,,,,,,,,,,,
,,,,,,,,,,,,,,,
,,,,,,,,,,,,,,,
,,,,,,,,,,,,,,,
,,,,,,,,,,,,,,,
,,,,,,,,,,,,,,,
,,,,,,,,,,,,,,,
,,,,,,,,,,,,,,,
,,,,,,,,,,,,,,,
,,,,,,,,,,,,,,,
,,,,,,,,,,,,,,,
,,,,,,,,,,,,,,,
,,,,,,,,,,,,,,,
,,,,,,,,,,,,,,,
,,,,,,,,,,,,,,,
,,,,,,,,,,,,,,,
,,,,,,,,,,,,,,,
,,,,,,,,,,,,,,,
,,,,,,,,,,,,,,,
,,,,,,,,,,,,,,,
,,,,,,,,,,,,,,,
,,,,,,,,,,,,,,,
,,,,,,,,,,,,,,,
,,,,,,,,,,,,,,,
,,,,,,,,,,,,,,,
,,,,,,,,,,,,,,,
,,,,,,,,,,,,,,,
,,,,,,,,,,,,,,,
,,,,,,,,,,,,,,,
,,,,,,,,,,,,,,,
,,,,,,,,,,,,,,,
,,,,,,,,,,,,,,,
,,,,,,,,,,,,,,,
,,,,,,,,,,,,,,,
,,,,,,,,,,,,,,,
,,,,,,,,,,,,,,,
,,,,,,,,,,,,,,,
,,,,,,,,,,,,,,,
,,,,,,,,,,,,,,,
,,,,,,,,,,,,,,,
,,,,,,,,,,,,,,,
,,,,,,,,,,,,,,,
,,,,,,,,,,,,,,,
,,,,,,,,,,,,,,,
,,,,,,,,,,,,,,,
,,,,,,,,,,,,,,,
,,,,,,,,,,,,,,,
,,,,,,,,,,,,,,,
,,,,,,,,,,,,,,,
,,,,,,,,,,,,,,,
,,,,,,,,,,,,,,,
,,,,,,,,,,,,,,,
,,,,,,,,,,,,,,,
,,,,,,,,,,,,,,,
,,,,,,,,,,,,,,,
,,,,,,,,,,,,,,,
,,,,,,,,,,,,,,,
,,,,,,,,,,,,,,,
,,,,,,,,,,,,,,,
,,,,,,,,,,,,,,,
,,,,,,,,,,,,,,,
,,,,,,,,,,,,,,,
,,,,,,,,,,,,,,,
,,,,,,,,,,,,,,,
,,,,,,,,,,,,,,,
,,,,,,,,,,,,,,,
,,,,,,,,,,,,,,,
,,,,,,,,,,,,,,,
,,,,,,,,,,,,,,,
,,,,,,,,,,,,,,,
,,,,,,,,,,,,,,,
,,,,,,,,,,,,,,,
,,,,,,,,,,,,,,,
,,,,,,,,,,,,,,,
,,,,,,,,,,,,,,,
,,,,,,,,,,,,,,,
,,,,,,,,,,,,,,,
,,,,,,,,,,,,,,,
,,,,,,,,,,,,,,,
,,,,,,,,,,,,,,,
,,,,,,,,,,,,,,,
,,,,,,,,,,,,,,,
,,,,,,,,,,,,,,,
,,,,,,,,,,,,,,,
,,,,,,,,,,,,,,,
,,,,,,,,,,,,,,,
,,,,,,,,,,,,,,,
,,,,,,,,,,,,,,,
,,,,,,,,,,,,,,,
,,,,,,,,,,,,,,,
,,,,,,,,,,,,,,,
,,,,,,,,,,,,,,,
,,,,,,,,,,,,,,,
,,,,,,,,,,,,,,,
,,,,,,,,,,,,,,,
,,,,,,,,,,,,,,,
,,,,,,,,,,,,,,,
,,,,,,,,,,,,,,,
,,,,,,,,,,,,,,,
,,,,,,,,,,,,,,,
,,,,,,,,,,,,,,,
,,,,,,,,,,,,,,,
,,,,,,,,,,,,,,,
,,,,,,,,,,,,,,,
,,,,,,,,,,,,,,,
,,,,,,,,,,,,,,,
,,,,,,,,,,,,,,,
,,,,,,,,,,,,,,,
,,,,,,,,,,,,,,,
,,,,,,,,,,,,,,,
,,,,,,,,,,,,,,,
,,,,,,,,,,,,,,,
,,,,,,,,,,,,,,,
,,,,,,,,,,,,,,,
,,,,,,,,,,,,,,,
,,,,,,,,,,,,,,,
,,,,,,,,,,,,,,,
,,,,,,,,,,,,,,,
,,,,,,,,,,,,,,,
,,,,,,,,,,,,,,,
,,,,,,,,,,,,,,,
,,,,,,,,,,,,,,,
,,,,,,,,,,,,,,,
,,,,,,,,,,,,,,,
,,,,,,,,,,,,,,,
,,,,,,,,,,,,,,,
,,,,,,,,,,,,,,,
,,,,,,,,,,,,,,,
,,,,,,,,,,,,,,,
,,,,,,,,,,,,,,,
,,,,,,,,,,,,,,,
,,,,,,,,,,,,,,,
,,,,,,,,,,,,,,,
,,,,,,,,,,,,,,,
,,,,,,,,,,,,,,,
,,,,,,,,,,,,,,,
,,,,,,,,,,,,,,,
,,,,,,,,,,,,,,,
,,,,,,,,,,,,,,,
,,,,,,,,,,,,,,,
,,,,,,,,,,,,,,,
,,,,,,,,,,,,,,,
,,,,,,,,,,,,,,,
,,,,,,,,,,,,,,,
,,,,,,,,,,,,,,,
,,,,,,,,,,,,,,,
,,,,,,,,,,,,,,,
,,,,,,,,,,,,,,,
,,,,,,,,,,,,,,,
,,,,,,,,,,,,,,,
,,,,,,,,,,,,,,,
,,,,,,,,,,,,,,,
,,,,,,,,,,,,,,,
,,,,,,,,,,,,,,,
,,,,,,,,,,,,,,,
,,,,,,,,,,,,,,,
,,,,,,,,,,,,,,,
,,,,,,,,,,,,,,,
,,,,,,,,,,,,,,,
,,,,,,,,,,,,,,,
,,,,,,,,,,,,,,,
,,,,,,,,,,,,,,,
,,,,,,,,,,,,,,,
,,,,,,,,,,,,,,,
,,,,,,,,,,,,,,,
,,,,,,,,,,,,,,,
,,,,,,,,,,,,,,,
,,,,,,,,,,,,,,,
,,,,,,,,,,,,,,,
,,,,,,,,,,,,,,,
,,,,,,,,,,,,,,,
,,,,,,,,,,,,,,,
,,,,,,,,,,,,,,,
,,,,,,,,,,,,,,,
,,,,,,,,,,,,,,,
,,,,,,,,,,,,,,,
,,,,,,,,,,,,,,,
,,,,,,,,,,,,,,,
,,,,,,,,,,,,,,,
,,,,,,,,,,,,,,,
,,,,,,,,,,,,,,,
,,,,,,,,,,,,,,,
,,,,,,,,,,,,,,,
,,,,,,,,,,,,,,,
,,,,,,,,,,,,,,,
,,,,,,,,,,,,,,,
,,,,,,,,,,,,,,,
,,,,,,,,,,,,,,,
,,,,,,,,,,,,,,,
,,,,,,,,,,,,,,,
,,,,,,,,,,,,,,,
,,,,,,,,,,,,,,,
,,,,,,,,,,,,,,,
,,,,,,,,,,,,,,,
,,,,,,,,,,,,,,,
,,,,,,,,,,,,,,,
,,,,,,,,,,,,,,,
,,,,,,,,,,,,,,,
,,,,,,,,,,,,,,,
,,,,,,,,,,,,,,,
,,,,,,,,,,,,,,,
,,,,,,,,,,,,,,,
,,,,,,,,,,,,,,,
,,,,,,,,,,,,,,,
,,,,,,,,,,,,,,,
,,,,,,,,,,,,,,,
,,,,,,,,,,,,,,,
,,,,,,,,,,,,,,,
,,,,,,,,,,,,,,,
,,,,,,,,,,,,,,,
,,,,,,,,,,,,,,,
,,,,,,,,,,,,,,,
,,,,,,,,,,,,,,,
,,,,,,,,,,,,,,,
,,,,,,,,,,,,,,,
,,,,,,,,,,,,,,,
,,,,,,,,,,,,,,,
,,,,,,,,,,,,,,,
,,,,,,,,,,,,,,,
,,,,,,,,,,,,,,,
,,,,,,,,,,,,,,,
,,,,,,,,,,,,,,,
,,,,,,,,,,,,,,,
,,,,,,,,,,,,,,,
,,,,,,,,,,,,,,,
,,,,,,,,,,,,,,,
,,,,,,,,,,,,,,,
,,,4991.76,,,,,,,,,,,,
